id,titulo,status,projeto,coluna,responsavel,area_ti,area_negocio,sponsor,cherwell,fase_chamado,subcategoria,prioridade,pontos,data_criacao,data_modificacao,data_vencimento,data_conclusao,valor,horas,tipo,tags
1,Melhoria Marketplace,Aberta,CRM Salesforce,Backlog,Erick Almeida,CRM Salesforce,TI,TI,63681,Backlog,Suporte Salesforce,0,0,2026-03-31 19:57:19,2026-04-14 06:26:40,,,0,0,Demanda,
2,Automatizar o fluxo de Pedidos de Financiamento =  Código E989,Aberta,CRM Salesforce,Backlog,Erick Almeida,CRM Salesforce,Financeiro,Financeiro,75017,Backlog,Suporte Salesforce,0,0,2026-03-31 19:57:20,2026-04-14 06:26:41,,,0,0,Demanda,
3,Melhoria no fluxo de cancelamentos - Bemol e todos os pedidos,Aberta,CRM Salesforce,Pendente Aprovação,Felipe Nascimento,CRM Salesforce,eCommerce,eCommerce,81643,Pendente-Elaboração de Proposta,CRM Salesforce,0,0,2026-03-31 19:57:21,2026-04-14 06:26:41,,,0,0,Demanda,
4,Obrigação Fiscal - Declaração de PIs e Cofins,Aberta,CRM Salesforce,Backlog,Erick Almeida,CRM Salesforce,Cadastros,Cadastros,78464,Backlog,Suporte Salesforce,0,0,2026-03-31 19:57:22,2026-04-14 06:27:00,,,0,0,Demanda,
5,Criação de Novo Tipo de Oportunidade,Aberta,CRM Salesforce,Backlog,Erick Almeida,CRM Salesforce,Automação,Automação,79383,Backlog,Suporte Salesforce,0,0,2026-03-31 19:57:23,2026-04-14 06:27:01,,,0,0,Demanda,
6,Tabela de preços,Aberta,CRM Salesforce,Backlog,Erick Almeida,CRM Salesforce,Automação,Automação,80509,Backlog,Suporte Salesforce,0,0,2026-03-31 19:57:24,2026-04-14 06:27:02,,,0,0,Demanda,
7,Refatoração da Integração SAP x Salesforce (Soap / Rest),Aberta,CRM Salesforce,Backlog,Erick Almeida,CRM Salesforce,TI,TI,80712,Backlog,Suporte Salesforce,0,0,2026-03-31 19:57:25,2026-04-14 06:27:03,,,0,0,Demanda,
8,Cadastro de clientes sem CNAE,Aberta,CRM Salesforce,Backlog,Erick Almeida,CRM Salesforce,Cadastros,Cadastros,81644,Backlog,Suporte Salesforce,0,0,2026-03-31 19:57:26,2026-04-14 06:27:04,,,0,0,Demanda,
9,Alcadas de aprovação - Automação,Aberta,CRM Salesforce,Backlog,Erick Almeida,CRM Salesforce,Automação,Automação,87057,Backlog,Suporte Salesforce,0,0,2026-03-31 19:57:27,2026-04-14 06:27:04,,,0,0,Demanda,
10,Inclusão ZMDK para e-commerce,Aberta,CRM Salesforce,Backlog,Erick Almeida,CRM Salesforce,Bens de consumo,Bens de consumo,87076,Backlog,Suporte Salesforce,0,0,2026-03-31 19:57:28,2026-04-14 06:27:05,,,0,0,Demanda,
11,Comissão zerada,Aberta,CRM Salesforce,Backlog,Erick Almeida,CRM Salesforce,Bens de consumo,Bens de consumo,87971,Backlog,Suporte Salesforce,0,0,2026-03-31 19:57:29,2026-04-14 06:27:11,,,0,0,Demanda,
12,Integração Sintegra / Suframa x  Salesforce - Inserção Middleware AWS,Aberta,CRM Salesforce,Backlog,Erick Almeida,CRM Salesforce,TI,TI,89251,Backlog,Suporte Salesforce,0,0,2026-03-31 19:57:31,2026-04-14 06:27:13,,,0,0,Demanda,
13,Vizualização no SF por produto e familia,Aberta,CRM Salesforce,Backlog,Erick Almeida,CRM Salesforce,Automação,Automação,90248,Backlog,Suporte Salesforce,0,0,2026-03-31 19:57:32,2026-04-14 06:27:15,,,0,0,Demanda,
14,Categoria - Var ; revenda; distribuidor ; e - commerce ; corporativo - No cadastro do cliente,Aberta,CRM Salesforce,Backlog,Erick Almeida,CRM Salesforce,Automação,Automação,90249,Backlog,Suporte Salesforce,0,0,2026-03-31 19:57:33,2026-04-14 06:27:17,,,0,0,Demanda,
15,Visualização de Saldo pendente ou cancelado,Aberta,CRM Salesforce,Backlog,Erick Almeida,CRM Salesforce,Ar & Eletro,Ar & Eletro,90743,Backlog,Suporte Salesforce,0,0,2026-03-31 19:57:34,2026-04-14 06:27:19,,,0,0,Demanda,
16,Abertura dos locais de expedição no pedido,Aberta,CRM Salesforce,Backlog,Erick Almeida,CRM Salesforce,Programação de Materiais,Programação de Materiais,91023,Backlog,Suporte Salesforce,0,0,2026-03-31 19:57:35,2026-04-14 06:27:20,,,0,0,Demanda,
17,Integração  Simples Nacional / Simei - Inserção Middleware AWS,Aberta,CRM Salesforce,Backlog,Erick Almeida,CRM Salesforce,TI,TI,91944,Backlog,Suporte Salesforce,0,0,2026-03-31 19:57:36,2026-04-14 06:27:21,,,0,0,Demanda,
18,Integração  receita federal (pessoa fisica) - Inserção Middleware AWS,Aberta,CRM Salesforce,Backlog,Erick Almeida,CRM Salesforce,TI,TI,91946,Backlog,Suporte Salesforce,0,0,2026-03-31 19:57:37,2026-04-14 06:27:23,,,0,0,Demanda,
19,Incluir coluna de tipo de pedido,Aberta,CRM Salesforce,Backlog,Erick Almeida,CRM Salesforce,Bens de consumo,Bens de consumo,92278,Backlog,Suporte Salesforce,0,0,2026-03-31 19:57:38,2026-04-14 06:27:24,,,0,0,Demanda,
20,Aparecer Cota Em Garantia,Aberta,CRM Salesforce,Backlog,Erick Almeida,CRM Salesforce,Bens de consumo,Bens de consumo,92707,Backlog,Suporte Salesforce,0,0,2026-03-31 19:57:39,2026-04-14 06:27:26,,,0,0,Demanda,
21,Criação de Organograma Empresarial - Todas BU's,Aberta,CRM Salesforce,Backlog,Elder Guerra,CRM Salesforce,TI,TI,93471,Backlog,Suporte Salesforce,0,0,2026-03-31 19:57:40,2026-04-14 06:27:34,,,0,0,Demanda,
22,"relatório de comissionamento de agenciados,",Aberta,CRM Salesforce,Backlog,Erick Almeida,CRM Salesforce,Automação,Automação,94354,Backlog,Suporte Salesforce,0,0,2026-03-31 19:57:41,2026-04-14 06:27:36,,,0,0,Demanda,
23,Criação Painel Gestão de Atividades - (Bens de Consumo),Aberta,CRM Salesforce,Backlog,Erick Almeida,CRM Salesforce,Diretoria,Diretoria,94726,Backlog,Suporte Salesforce,0,0,2026-03-31 19:57:42,2026-04-14 06:27:37,,,0,0,Demanda,
24,Tornar Portal 100% responsivo para mobile,Aberta,CRM Salesforce,Backlog,Carlos Almeida,CRM Salesforce,Bens de consumo,Bens de consumo,94791,Backlog,Suporte Salesforce,0,0,2026-03-31 19:57:43,2026-04-14 06:27:39,,,0,0,Demanda,
25,Liberação da funcionalidade de ações em massa,Aberta,CRM Salesforce,Backlog,Erick Almeida,CRM Salesforce,Comercial,Comercial,95076,Backlog,Suporte Salesforce,0,0,2026-03-31 19:57:44,2026-04-14 06:27:41,,,0,0,Demanda,
26,Informações de pedido na fase de aprovação.,Aberta,CRM Salesforce,Backlog,Elder Guerra,CRM Salesforce,Logística,Logística,97553,Backlog,Suporte Salesforce,0,0,2026-03-31 19:57:45,2026-04-14 06:27:42,,,0,0,Demanda,
27,Habilitação de Visualização de Informação do Cadastro Contas,Aberta,CRM Salesforce,Backlog,Erick Almeida,CRM Salesforce,Refrigeração,Refrigeração,97555,Backlog,Suporte Salesforce,0,0,2026-03-31 19:57:46,2026-04-14 06:27:43,,,0,0,Demanda,
28,Deposito,Aberta,CRM Salesforce,Backlog,Erick Almeida,CRM Salesforce,Comercial,Leila Almeida,97556,Backlog,Suporte Salesforce,0,0,2026-03-31 19:57:47,2026-04-14 13:33:18,,,0,0,Demanda,
29,Ajuste integração troca de itens,Aberta,CRM Salesforce,Backlog,Erick Almeida,CRM Salesforce,Ar & Eletro,Ar & Eletro,97559,Backlog,Suporte Salesforce,0,0,2026-03-31 19:57:48,2026-04-14 06:27:47,,,0,0,Demanda,
30,FATURAMENTO / IMPRESSÃO,Aberta,CRM Salesforce,Backlog,Erick Almeida,CRM Salesforce,Automação,Automação,98544,Backlog,Suporte Salesforce,0,0,2026-03-31 19:57:49,2026-04-14 06:27:49,,,0,0,Demanda,
31,"TROCA DE PRODUTO, PORÉM O VALOR NÃO É ATUALIZADO",Aberta,CRM Salesforce,Backlog,Erick Almeida,CRM Salesforce,Refrigeração,Refrigeração,98879,Backlog,Suporte Salesforce,0,0,2026-03-31 19:57:50,2026-04-14 06:27:57,,,0,0,Demanda,
32,ALTERAR MOTIVOS DENTRO DO SALES FORCE,Aberta,CRM Salesforce,Backlog,Erick Almeida,CRM Salesforce,Logística,Logística,99265,Backlog,Suporte Salesforce,0,0,2026-03-31 19:57:51,2026-04-14 06:27:59,,,0,0,Demanda,
33,DEPOSITO,Aberta,CRM Salesforce,Backlog,Não atribuído,Geral,,**Sponsor:** Leila Almeida,,,,0,0,2026-03-31 19:57:53,2026-04-14 06:28:01,,,0,0,Demanda,
34,Criar um visual no painel  e alertas com status das contas para representante (cliente 60 dias sem compra),Aberta,CRM Salesforce,Backlog,Erick Almeida,CRM Salesforce,Bens de consumo,Bens de consumo,99614,Backlog,Suporte Salesforce,0,0,2026-03-31 19:57:54,2026-04-14 06:28:03,,,0,0,Demanda,
35,OPORTUNIDADES (CJ INDUSTRIAL E VENDA DE PROJETOS),Aberta,CRM Salesforce,Backlog,Erick Almeida,CRM Salesforce,Refrigeração,Refrigeração,99618,Backlog,CRM Salesforce,0,0,2026-03-31 19:57:55,2026-04-14 06:28:05,,,0,0,Demanda,
36,Cadastro de e-mails no depsnet,Aberta,CRM Salesforce,Backlog,Erick Almeida,CRM Salesforce,Financeiro,Financeiro,100006,Backlog,Suporte Salesforce,0,0,2026-03-31 19:57:56,2026-04-14 06:28:06,,,0,0,Demanda,
37,Incluir no relatório do comissionado - Parcela e Data Compensação,Aberta,CRM Salesforce,Backlog,Erick Almeida,CRM Salesforce,Bens de consumo,Bens de consumo,100153,Backlog,Suporte Salesforce,0,0,2026-03-31 19:57:57,2026-04-14 06:28:07,,,0,0,Demanda,
38,Criação de uma visão para o treinamentos,Aberta,CRM Salesforce,Backlog,Erick Almeida,CRM Salesforce,Bens de consumo,Bens de consumo,100205,Backlog,Suporte Salesforce,0,0,2026-03-31 19:57:58,2026-04-14 06:28:09,,,0,0,Demanda,
39,Adequação no campo CNPJ - Reforma tributária,Aberta,CRM Salesforce,Backlog,Erick Almeida,CRM Salesforce,Cadastros,Cadastros,100978,Backlog,Suporte Salesforce,0,0,2026-03-31 19:57:59,2026-04-14 06:28:11,,,0,0,Demanda,
40,Lists View e Aprovações em Massa,Aberta,CRM Salesforce,Backlog,Erick Almeida,CRM Salesforce,Ar & Eletro,Ar & Eletro,100981,Backlog,Suporte Salesforce,0,0,2026-03-31 19:58:00,2026-04-14 06:28:13,,,0,0,Demanda,
41,PROCESSO DE DEVOLUÇÃO,Aberta,CRM Salesforce,Backlog,Elder Guerra,CRM Salesforce,Automação,Automação,101398,Backlog,Suporte Salesforce,0,0,2026-03-31 19:58:01,2026-04-14 06:28:19,,,0,0,Demanda,
42,Arredondamento de valores de NF - Pedidos de Garantia,Aberta,CRM Salesforce,Backlog,Elder Guerra,CRM Salesforce,Comercial,Comercial,101921,Backlog,Suporte Salesforce,0,0,2026-03-31 19:58:02,2026-04-14 06:28:27,,,0,0,Demanda,
43,BOLETO À VISTA,Aberta,CRM Salesforce,Backlog,Erick Almeida,CRM Salesforce,Financeiro,Financeiro,101923,Backlog,Suporte Salesforce,0,0,2026-03-31 19:58:03,2026-04-14 06:28:30,,,0,0,Demanda,
44,PIX QR CODE,Aberta,CRM Salesforce,Backlog,Erick Almeida,CRM Salesforce,Financeiro,Financeiro,101924,Backlog,Suporte Salesforce,0,0,2026-03-31 19:58:04,2026-04-14 06:28:32,,,0,0,Demanda,
45,pesquisar por pedido na Aba TAREFAS,Aberta,CRM Salesforce,Backlog,Elder Guerra,CRM Salesforce,Logística,Logística,101927,Backlog,Suporte Salesforce,0,0,2026-03-31 19:58:05,2026-04-14 06:28:33,,,0,0,Demanda,
46,Integração de Imagens para Produtos no Salesforce,Aberta,CRM Salesforce,Cancelado,Erick Almeida,CRM Salesforce,Comercial,Comercial,102106,Cancelado,Suporte Salesforce,0,0,2026-03-31 19:58:06,2026-04-14 06:28:35,,,0,0,Demanda,
47,IPI EM PORCENTAGEM NO ORÇAMENTO,Aberta,CRM Salesforce,Backlog,Erick Almeida,CRM Salesforce,Automação,Automação,102121,Backlog,Suporte Salesforce,0,0,2026-03-31 19:58:07,2026-04-14 06:28:37,,,0,0,Demanda,
48,SINALIZAÇÃO DE PAGAMENTO COM CARTÃO DE CRÉDITO,Aberta,CRM Salesforce,Backlog,Erick Almeida,CRM Salesforce,Comercial,Comercial,102549,Backlog,Suporte Salesforce,0,0,2026-03-31 19:58:08,2026-04-14 06:28:39,,,0,0,Demanda,
49,Campo de Condição de pagamento DDE,Aberta,CRM Salesforce,Backlog,Erick Almeida,CRM Salesforce,Ar & Eletro,Ar & Eletro,103907,Backlog,Suporte Salesforce,0,0,2026-03-31 19:58:09,2026-04-14 06:28:41,,,0,0,Demanda,
50,Notificações Chatter Por e-mail (devoluções),Aberta,CRM Salesforce,Backlog,Erick Almeida,CRM Salesforce,Ar & Eletro,Ar & Eletro,105332,Backlog,Suporte Salesforce,0,0,2026-03-31 19:58:10,2026-04-14 06:28:42,,,0,0,Demanda,
51,"Envio de notificações aos clientes (Emissão, Previsão e confirmação de Entrega)",Aberta,CRM Salesforce,Concluído,Erick Almeida,CRM Salesforce,Logística,Logística,91555,Fechado,CRM Salesforce,0,0,2026-03-31 19:58:11,2026-04-14 06:28:52,2026-03-03 19:58:11,,0,0,Demanda,
52,"ZVT2: INCLUSÃO DO CAMPO - ""ANEXAR NOTA FISCAL""",Aberta,CRM Salesforce,Backlog,Erick Almeida,CRM Salesforce,Fiscal,Fiscal,105644,Backlog,Suporte Salesforce,0,0,2026-03-31 19:58:12,2026-04-14 06:28:53,,,0,0,Demanda,
53,Informação território inativo,Aberta,CRM Salesforce,Backlog,Erick Almeida,CRM Salesforce,Ar & Eletro,Ar & Eletro,105645,Backlog,Suporte Salesforce,0,0,2026-03-31 19:58:13,2026-04-14 06:28:55,,,0,0,Demanda,
54,Cenário - Venda Leasing de Conjunto Industrial,Aberta,CRM Salesforce,Backlog,Erick Almeida,CRM Salesforce,Fiscal,Fiscal,106077,Backlog,Suporte Salesforce,0,0,2026-03-31 19:58:14,2026-04-14 06:28:57,,,0,0,Demanda,
55,Salesforce Refrigeração | Regras de distribuição de leads,Aberta,CRM Salesforce,Backlog,Erick Almeida,CRM Salesforce,TI,TI,106593,Backlog,CRM Salesforce,0,0,2026-03-31 19:58:15,2026-04-14 06:28:59,,,0,0,Demanda,
56,Rastreabilidade de NFs Devolução e Garantia - Lincros,Aberta,CRM Salesforce,Cancelado,Elder Guerra,CRM Salesforce,Logística,Logística,88509,Cancelado,Suporte Salesforce,0,0,2026-03-31 19:58:16,2026-04-14 06:29:00,,,0,0,Demanda,
57,Refatorar Integração Telecontrol X Salesforce com Middleware,Aberta,CRM Salesforce,Cancelado,Erick Almeida,CRM Salesforce,Ar & Eletro,Ar & Eletro,98965,Cancelado,Suporte Salesforce,0,0,2026-03-31 19:58:18,2026-04-14 06:29:01,,,0,0,Demanda,
58,Criar relatórios de faturamento no Salesforce - (Demanda para subir valor na NF na integração),Aberta,CRM Salesforce,Testes,Erick Almeida,CRM Salesforce,Refrigeração,Refrigeração,99616,Teste Unitários,CRM Salesforce,0,0,2026-03-31 19:58:19,2026-04-14 13:04:54,2026-04-14 19:58:19,,0,0,Demanda,
59,ELNE: BLOQUEIO POR ESTADO,Aberta,CRM Salesforce,Concluído,Felipe Nascimento,CRM Salesforce,Fiscal,Fiscal,107528,Fechado,CRM Salesforce,0,0,2026-03-31 19:58:20,2026-04-14 06:29:05,2026-02-03 19:58:20,,0,0,Demanda,
60,Saldo de Estoque por Linha de Produto,Aberta,CRM Salesforce,Análise TI,Elder Guerra,CRM Salesforce,Ar & Eletro,Ar & Eletro,101551,Em atendimento-Estudo de viabilidade,CRM Salesforce,0,0,2026-03-31 19:58:21,2026-04-14 06:29:07,,,0,0,Demanda,
61,Regras de Atribuição de leads Salesforce | Refrigeração,Aberta,CRM Salesforce,Testes,Erick Almeida,CRM Salesforce,Marketing,Marketing,97702,Teste Unitários,CRM Salesforce,0,0,2026-03-31 19:58:22,2026-04-14 13:04:33,2026-04-07 19:58:22,,0,0,Demanda,
62,Novo Calculo de Margem,Aberta,CRM Salesforce,Em Desenvolvimento,Elder Guerra,CRM Salesforce,TI,TI,111021,Em atendimento-Em desenvolvimento,CRM Salesforce,0,0,2026-03-31 19:58:23,2026-04-14 06:29:14,2026-05-01 19:58:23,,0,0,Demanda,
63,Metas dos vendedores ( gerentes e vendedores não enxergam nem conseguem acessar o relatorio ),Aberta,CRM Salesforce,Análise TI,Erick Almeida,CRM Salesforce,Refrigeração,Refrigeração,110066,Em atendimento-Estudo de viabilidade,CRM Salesforce,0,0,2026-03-31 19:58:24,2026-04-14 06:29:16,,,0,0,Demanda,
64,Possibilidade de trocar a conta do cliente em uma Oportunidade sem ter proposta/pedido gerado.,Aberta,CRM Salesforce,Análise TI,Erick Almeida,CRM Salesforce,Refrigeração,Refrigeração,110462,Em atendimento-Estudo de viabilidade,CRM Salesforce,0,0,2026-03-31 19:58:25,2026-04-14 06:29:18,,,0,0,Demanda,
65,Fluxo de consignação (Inclusão do processo de retorno simbolico),Aberta,CRM Salesforce,Testes,Elder Guerra,CRM Salesforce,Fiscal,Fiscal,109867,Homologação-Testes integrados,CRM Salesforce,0,0,2026-03-31 19:58:26,2026-04-14 06:29:20,2026-04-07 19:58:26,,0,0,Demanda,
66,ZVT2 - recebedor da mercadoria (tratar contas com restrições no SAP ) na remessa,Aberta,CRM Salesforce,Pendente Aprovação,Erick Almeida,CRM Salesforce,Ar & Eletro,Ar & Eletro,78463,Pendente - Aguardando Aprovação DIRETORIA,Suporte Salesforce,0,0,2026-03-31 19:58:27,2026-04-14 06:29:22,2026-04-21 19:58:27,,0,0,Demanda,
67,Habilitar marcar fase cancelado - BDVS,Aberta,CRM Salesforce,Pendente Aprovação,Elder Guerra,CRM Salesforce,Ar & Eletro,Ar & Eletro,106779,Pendente-Aguardando Publicação,Suporte Salesforce,0,0,2026-03-31 19:58:28,2026-04-14 06:29:23,2026-04-07 19:58:28,,0,0,Demanda,
68,Inclusão de nova opção logistica  - Pedidos Devolução,Aberta,CRM Salesforce,Concluído,Elder Guerra,CRM Salesforce,Logística,Logística,104926,Fechado,Suporte Salesforce,0,0,2026-03-31 19:58:29,2026-04-14 06:29:24,2026-03-10 19:58:29,,0,0,Demanda,
69,Inclusão de visão de Valor de Venda - Garantia/Devolução,Aberta,CRM Salesforce,Concluído,Elder Guerra,CRM Salesforce,Bens de consumo,Bens de consumo,100971,Fechado,Suporte Salesforce,0,0,2026-03-31 19:58:30,2026-04-14 06:29:26,2026-03-17 19:58:30,,0,0,Demanda,
70,Retornar para Aprovação Manual pedidos de Garantia - Ar&eletro Telecontrol,Aberta,CRM Salesforce,Planejamento,Erick Almeida,CRM Salesforce,Comercial,Comercial,101370,Em atendimento-Planejamento,Suporte Salesforce,0,0,2026-03-31 19:58:31,2026-04-14 06:29:27,,,0,0,Demanda,
71,Cadastrar preço por escritório de vendas (Automação) - (RDM 1950),Aberta,CRM Salesforce,Concluído,Erick Almeida,CRM Salesforce,Automação,Automação,101307,Fechado,CRM Salesforce,0,0,2026-03-31 19:58:32,2026-04-14 06:29:33,2026-02-10 19:58:32,,0,0,Demanda,
72,Criação de Chamada de API - SAP para Notas de Serviços (XML/PDF),Aberta,CRM Salesforce,Concluído,Elder Guerra,CRM Salesforce,TI,TI,103876,Fechado,CRM Salesforce,0,0,2026-03-31 19:58:34,2026-04-14 06:29:35,2026-01-20 19:58:34,,0,0,Demanda,
73,Regra de Depósito  - Devolução Nordeste,Aberta,CRM Salesforce,Concluído,Elder Guerra,CRM Salesforce,Comercial,Comercial,109753,Fechado,CRM Salesforce,0,0,2026-03-31 19:58:35,2026-04-14 06:29:37,2026-01-20 19:58:35,,0,0,Demanda,
74,Reanalisar estrutura de integrações por fila - Serviços TEF,Aberta,CRM Salesforce,Concluído,Elder Guerra,CRM Salesforce,Automação,Automação,110023,Fechado,CRM Salesforce,0,0,2026-03-31 19:58:36,2026-04-14 06:29:38,2026-01-20 19:58:36,,0,0,Demanda,
75,Integração via API do Salesforce e RD Station / Web to Lead,Aberta,CRM Salesforce,On Hold,Erick Almeida,CRM Salesforce,Marketing,Marketing,69222,On Hold,CRM Salesforce,0,0,2026-03-31 19:58:37,2026-04-14 06:29:40,,,0,0,Demanda,
76,Preço por margem e tela de simulação de preços,Aberta,CRM Salesforce,On Hold,Erick Almeida,CRM Salesforce,Refrigeração,Refrigeração,105334,On Hold,Suporte Salesforce,0,0,2026-03-31 19:58:38,2026-04-14 06:29:42,,,0,0,Demanda,
77,Local de Expedição no Salesforce - alterar local de expedição para garantia,Aberta,CRM Salesforce,Pendente Aprovação,Erick Almeida,CRM Salesforce,TI,TI,83499,Pendente - Aguardando Aprovação DIRETORIA,CRM Salesforce,0,0,2026-03-31 19:58:39,2026-04-14 06:29:43,,,0,0,Demanda,
78,EDI para integração de pedidos - Cliente Leroy,Aberta,CRM Salesforce,Pendente Aprovação,Erick Almeida,CRM Salesforce,Bens de consumo,Bens de consumo,94929,Pendente - Aguardando Aprovação DIRETORIA,CRM Salesforce,0,0,2026-03-31 19:58:40,2026-04-14 06:29:45,,,0,0,Demanda,
79,Criação de Automação da Atualização de Saldo/Cotas Salesforce / SAP,Aberta,CRM Salesforce,Concluído,Elder Guerra,CRM Salesforce,Bens de Consumo,Bens de Consumo,101061,Fechado,CRM Salesforce,0,0,2026-03-31 19:58:41,2026-04-14 06:29:47,2025-12-02 19:58:41,,0,0,Demanda,
80,Melhorar carga de produtos em massa na criação da oportunidade - (RDM 1952),Aberta,CRM Salesforce,Concluído,Erick Almeida,CRM Salesforce,Bens de consumo,Bens de consumo,107630,Fechado,Suporte Salesforce,0,0,2026-03-31 19:58:42,2026-04-14 06:29:49,2026-01-15 19:58:42,,0,0,Demanda,
81,Melhoria : aprovação crédito pedido consignado -  (RDM 1953),Aberta,CRM Salesforce,Concluído,Erick Almeida,CRM Salesforce,Financeiro,Financeiro,87262,Fechado,CRM Salesforce,0,0,2026-03-31 19:58:43,2026-04-14 06:29:55,2026-02-03 19:58:43,,0,0,Demanda,
82,"Limitar uso do Catálogo de preços por ""tipo de pedido"" -   (RDM 1954)",Aberta,CRM Salesforce,Concluído,Erick Almeida,CRM Salesforce,Refrigeração,Refrigeração,812819,Fechado,CRM Salesforce,0,0,2026-03-31 19:58:44,2026-04-14 06:29:56,2026-02-10 19:58:44,,0,0,Demanda,
83,Formulário Quero Comprar Adição da BU de Automação SF,Aberta,CRM Salesforce,Testes,Erick Almeida,CRM Salesforce,Automação,Automação,112833,Teste Unitários,CRM Salesforce,0,0,2026-03-31 19:58:45,2026-04-14 06:29:58,2026-04-14 19:58:45,,0,0,Demanda,
84,Bloquear edição de preços na inserção de produtos no pedido,Aberta,CRM Salesforce,Planejamento,Erick Almeida,CRM Salesforce,Comercial,Comercial,112848,Em atendimento-Planejamento,CRM Salesforce,0,0,2026-03-31 19:58:46,2026-04-14 06:29:59,2026-04-07 19:58:46,,0,0,Demanda,
85,Impedir que o mesmo sku seja inserido mais de uma vez no mesmo pedido,Aberta,CRM Salesforce,On Hold,Erick Almeida,CRM Salesforce,Comercial,Comercial,112850,On Hold,CRM Salesforce,0,0,2026-03-31 19:58:47,2026-04-14 06:30:01,2026-04-07 19:58:47,,0,0,Demanda,
86,Preencher campo de Responsável da Venda em Pedidos Automação TEF,Aberta,CRM Salesforce,Concluído,Elder Guerra,CRM Salesforce,Automação,Automação,113321,Fechado,CRM Salesforce,0,0,2026-03-31 19:58:48,2026-04-14 06:30:03,2026-03-17 19:58:48,,0,0,Demanda,
87,Incluir nivel de aprovação diretoria solicitação de Troca de produtos de pedido.,Aberta,CRM Salesforce,Concluído,Felipe Nascimento,CRM Salesforce,Ar & Eletro,Ar & Eletro,111266,Fechado,CRM Salesforce,0,0,2026-03-31 19:58:49,2026-04-14 06:30:04,2026-03-10 19:58:49,,0,0,Demanda,
88,Reativação do processo de Troca de Produto.,Aberta,CRM Salesforce,Concluído,Elder Guerra,CRM Salesforce,Refrigeração,Refrigeração,113709,Fechado,CRM Salesforce,0,0,2026-03-31 19:58:50,2026-04-14 06:30:06,2026-03-10 19:58:50,,0,0,Demanda,
89,Complemento de Melhorias - Saldo e Estoque,Aberta,CRM Salesforce,Concluído,Elder Guerra,CRM Salesforce,Bens de consumo,Bens de consumo,114622,Fechado,CRM Salesforce,0,0,2026-03-31 19:58:51,2026-04-14 06:30:08,2026-03-17 19:58:51,,0,0,Demanda,
90,Consultar o último preço praticado na inserção / edição de novos produtos na oportunidade,Aberta,CRM Salesforce,Pendente Aprovação,Erick Almeida,CRM Salesforce,TI,TI,114688,Pendente-Aguardando Publicação,CRM Salesforce,0,0,2026-03-31 19:58:52,2026-04-14 06:30:09,2026-04-07 19:58:52,,0,0,Demanda,
91,Leads Magento para o Salesforce - Linha Gellata,Aberta,CRM Salesforce,Planejamento,Erick Almeida,CRM Salesforce,Refrigeração,Refrigeração,114701,Em atendimento-Planejamento,CRM Salesforce,0,0,2026-03-31 19:58:53,2026-04-14 06:30:16,,,0,0,Demanda,
92,Logistica Reversa - Manaus/Mogi,Aberta,CRM Salesforce,Análise TI,Elder Guerra,CRM Salesforce,Logistica,Logistica,114914,Em atendimento-Estudo de viabilidade,CRM Salesforce,0,0,2026-03-31 19:58:54,2026-04-14 06:30:18,2026-04-10 19:58:54,,0,0,Demanda,
93,Preço por nível de Cliente,Aberta,CRM Salesforce,Pendente Aprovação,Elder Guerra,CRM Salesforce,Bens de Consumo,Bens de Consumo,115045,Pendente-Aguardando Publicação,CRM Salesforce,0,0,2026-03-31 19:58:55,2026-04-14 06:30:20,2026-04-01 19:58:55,,0,0,Demanda,
94,Objeto Conta - Limpeza de Campos E-mail,Aberta,CRM Salesforce,Backlog,Elder Guerra,CRM Salesforce,TI,TI,115306,Backlog,CRM Salesforce,0,0,2026-03-31 19:58:56,2026-04-14 06:30:21,,,0,0,Demanda,
95,[MELHORIA] - Lógica de Exceção para Aprovação Automática: Filtro por Escritório de Vendas Automação,Aberta,CRM Salesforce,Pendente Aprovação,Elder Guerra,CRM Salesforce,Automação,Automação,105678,Pendente-Aguardando Publicação,CRM Salesforce,0,0,2026-03-31 19:58:57,2026-04-14 06:30:23,2026-04-07 19:58:57,,0,0,Demanda,
96,"Objeto Conta - Limpeza de Campos ""E-mail"" com Merge de dados",Aberta,CRM Salesforce,Análise TI,Elder Guerra,CRM Salesforce,TI,TI,115482,Em atendimento-Estudo de viabilidade,CRM Salesforce,0,0,2026-03-31 19:58:58,2026-04-14 06:30:25,,,0,0,Demanda,
97,Integração de atualizações de Conta - SalesforceXSAP,Aberta,CRM Salesforce,Análise TI,Elder Guerra,CRM Salesforce,TI,TI,115485,Em atendimento-Estudo de viabilidade,CRM Salesforce,0,0,2026-03-31 19:58:59,2026-04-14 06:30:26,,,0,0,Demanda,
98,Revisão e Bloqueio de Permissões Administrativas - Comercial,Aberta,CRM Salesforce,Análise TI,Elder Guerra,CRM Salesforce,TI,TI,115666,Em atendimento-Estudo de viabilidade,CRM Salesforce,0,0,2026-03-31 19:59:00,2026-04-14 06:30:28,,,0,0,Demanda,
388,Deposito DMAT - Opção de alterar depósito no pedido,Aberta,CRM Salesforce,Backlog,Erick Almeida,CRM Salesforce,Comercial,Leila Almeida,97556,Backlog,Suporte Salesforce,0,0,2026-04-14 13:13:05,2026-04-14 13:13:05,,,0,0,Demanda,
389,Melhoria na criação de pedido - Opção de depósito,Aberta,CRM Salesforce,Backlog,Erick Almeida,CRM Salesforce,Comercial,Leila Almeida,99267,Backlog,Suporte Salesforce,0,0,2026-04-14 13:18:44,2026-04-14 13:32:06,,,0,0,Demanda,
99,Melhoria nos tempos de Cadastro PJ,Aberta,Dados & Digital,On Hold / Impedimento,Não atribuído,Dados & Digital,Diretoria,Roberto Feder,,On Hold,E-Commerce,0,0,2026-03-31 19:59:01,2026-04-14 06:49:56,,,0,0,Demanda,
100,Liberação de uso pela web (computador) para o carga térmica,Aberta,Dados & Digital,Backlog,Não atribuído,Dados & Digital,Refrigeração,Alexandre Costa,,Backlog,Digital,0,0,2026-03-31 19:59:02,2026-04-14 06:49:57,,,0,0,Demanda,
101,"Criar Integração SAP, Novo Portal de Apoio e planilha MKT para o Selia",Aberta,Dados & Digital,Backlog,Não atribuído,Dados & Digital,Marketing,Rafael Theodoro,,Backlog,Integração,0,0,2026-03-31 19:59:03,2026-04-14 06:49:59,,,0,0,Demanda,
102,[Bemol] Cancelamento de pedidos,Aberta,Dados & Digital,Análise TI,Não atribuído,Dados & Digital,Integração,William Romero,,Em atendimento-Analise TI,E-Commerce,0,0,2026-03-31 19:59:05,2026-04-14 06:50:00,,,0,0,Demanda,
103,[Bemol] Saldo x Estoque - Salesforce x SAP,Aberta,Dados & Digital,Backlog,Não atribuído,Dados & Digital,Bens de Consumo,Natacha Santos,,Backlog,Integração,0,0,2026-03-31 19:59:06,2026-04-14 06:50:02,,,0,0,Demanda,
104,Internalizar Formulário das Caravanas,Aberta,Dados & Digital,Backlog,Não atribuído,Dados & Digital,Site e Portal de Apoio,Georjes Bruel,,Backlog,Marketing,0,0,2026-03-31 19:59:07,2026-04-14 06:50:04,,,0,0,Demanda,
105,Unificação Backoffice Refrigeração e Climatização com o Novo Portal de Apoio,Aberta,Dados & Digital,Backlog,Não atribuído,Dados & Digital,Site e Portal de Apoio,Lika Shimizu,,Backlog,Marketing,0,0,2026-03-31 19:59:08,2026-04-14 06:50:05,,,0,0,Demanda,
106,Nova Funcionalidade Condensador Remoto Elgin (Seletor de Produtos),Aberta,Dados & Digital,Concluído,Não atribuído,Dados & Digital,Engenharia,Marcos Pereira,,Fechado,Digital,0,0,2026-03-31 19:59:09,2026-04-14 06:50:06,2026-03-17 19:59:09,,0,0,Demanda,
107,Gestão PEE no Novo Portal de Apoio,Aberta,Dados & Digital,Pendente Aprovação,Não atribuído,Dados & Digital,Site e Portal de Apoio,Rafael Theodoro,,Pendente-Aguardando Publicação,Marketing,0,0,2026-03-31 19:59:10,2026-04-14 06:50:08,2026-03-31 19:59:10,,0,0,Demanda,
108,Desenvolvimento - EDI para integração de pedidos (Leroy Merlin),Aberta,Dados & Digital,Backlog,Não atribuído,Dados & Digital,Bens de Consumo,Erick Almeida,,Backlog,Integração,0,0,2026-03-31 19:59:11,2026-04-14 06:50:10,,,0,0,Demanda,
109,Criar IA SAC Bens de Consumo,Aberta,Dados & Digital,Backlog,Não atribuído,Dados & Digital,Bens de Consumo,Anderson Bruno,,Backlog,Integração,0,0,2026-03-31 19:59:12,2026-04-14 06:50:12,,,0,0,Demanda,
110,Desenvolver tela com a evolução de custos dos materiais no Dash Comercial - Refrigeração,Aberta,Dados & Digital,Concluído,Não atribuído,Dados & Digital,Comercial,Luiz Lopes,,Fechado,Dados e BI,0,0,2026-03-31 19:59:13,2026-04-14 06:50:13,2026-01-12 19:59:13,,0,0,Demanda,
111,Rebranding do Gelatta igual ao Selia/Loja Elgin,Aberta,Dados & Digital,Concluído,Não atribuído,Dados & Digital,Marketing,Georjes Bruel,,Fechado,E-Commerce,0,0,2026-03-31 19:59:14,2026-04-14 06:50:19,2026-01-20 19:59:14,,0,0,Demanda,
112,Atualização Saldo Depsnet,Aberta,Dados & Digital,On Hold / Impedimento,Não atribuído,Dados & Digital,Financeiro,Rosa Batista,,On Hold,Integração,0,0,2026-03-31 19:59:15,2026-04-14 06:50:21,2026-01-16 19:59:15,,0,0,Demanda,
113,Migrar os RPA´s do ambiente antigo da Deal para o novo ambiente,Aberta,Dados & Digital,Backlog,Não atribuído,Dados & Digital,TI,Luis Toledo,,Backlog,Dados e BI,0,0,2026-03-31 19:59:16,2026-04-14 06:50:23,,,0,0,Demanda,
114,Novo Sistema de Cálculo de Compressores Elgin,Aberta,Dados & Digital,Concluído,Não atribuído,Dados & Digital,Engenharia,Marcos Pereira,,Fechado,Digital,0,0,2026-03-31 19:59:17,2026-04-14 06:50:24,2026-03-17 19:59:17,,0,0,Demanda,
115,Implementar um sistema de registro de garantia de produtos de automação,Aberta,Dados & Digital,Concluído,Não atribuído,Dados & Digital,Automação,Denise Santos,,Fechado,Site e Portal de Apoio,0,0,2026-03-31 19:59:18,2026-04-14 06:50:26,2026-03-24 19:59:18,,0,0,Demanda,
116,Desenvolvimento DashBoard ENTREGAS (API Lincros),Aberta,Dados & Digital,Testes / Homologação,Não atribuído,Dados & Digital,Logística,Cristiane Monteiro,,Homologação-Testes integrados,Dados e BI,1,0,2026-03-31 19:59:19,2026-04-14 06:50:28,2025-12-09 19:59:19,,0,0,Demanda,
117,Correção Centro de Lucro - BI Comercial (Débito Técnico UP),Aberta,Dados & Digital,Backlog,Não atribuído,Dados & Digital,Automação,Thiago Camargo,,Backlog,Dados e BI,0,0,2026-03-31 19:59:20,2026-04-14 06:50:29,,,0,0,Demanda,
118,Melhorias do Sistema Portal de Garantia,Aberta,Dados & Digital,Backlog,Não atribuído,Dados & Digital,Refrigeração,Omar Aguilar,,Backlog,Digital,0,0,2026-03-31 19:59:21,2026-04-14 06:50:31,,,0,0,Demanda,
119,Automatizar a inserção dos dados na tabela de metas do Runtest,Aberta,Dados & Digital,Backlog,Não atribuído,Dados & Digital,Produção,Talita Reis,,Backlog,Dados e BI,0,0,2026-03-31 19:59:22,2026-04-14 06:50:32,,,0,0,Demanda,
120,Disponibilizar as informações de Frete Vendas,Aberta,Dados & Digital,Testes / Homologação,Não atribuído,Dados & Digital,Logistica,Talita Mota,,Homologação-Testes integrados,Dados e BI,0,0,2026-03-31 19:59:23,2026-04-14 06:50:34,2026-03-13 19:59:23,,0,0,Demanda,
121,Criação do eCommerce AR & ELETRO (Peças),Aberta,Dados & Digital,Testes / Homologação,Não atribuído,Dados & Digital,Ar & Eletro,Julio Junior,,Homologação-Testes integrados,E-Commerce,0,0,2026-03-31 19:59:24,2026-04-14 06:50:36,2026-03-03 19:59:24,,0,0,Demanda,
122,Gestão da Base de Conhecimento para IA em Automação - Portal de Apoio,Aberta,Dados & Digital,Concluído,Não atribuído,Dados & Digital,Automação,Denise Santos,,Fechado,Site e Portal de Apoio,0,0,2026-03-31 19:59:25,2026-04-14 06:50:38,2026-02-10 19:59:25,,0,0,Demanda,
123,Sistema complementar de informações para o Dash de Entregas,Aberta,Dados & Digital,Análise TI,Não atribuído,Dados & Digital,Logística,Marjorie de Andrade Silva,,Em atendimento-Analise TI,Dados e BI,0,0,2026-03-31 19:59:26,2026-04-14 06:50:39,,,0,0,Demanda,
124,Melhoria no Datamart de Automação Comercial,Aberta,Dados & Digital,Concluído,Não atribuído,Dados & Digital,Automação,Samuel Antonio Vilczak da Silva,,Fechado,Dados e BI,0,0,2026-03-31 19:59:27,2026-04-14 06:50:41,2026-01-29 19:59:27,,0,0,Demanda,
125,Criação do eCommerce Refrigeração (Peças),Aberta,Dados & Digital,Backlog,Não atribuído,Dados & Digital,Refrigeração,Julio Junior,,Backlog,E-Commerce,0,0,2026-03-31 19:59:28,2026-04-14 06:50:43,,,0,0,Demanda,
126,Integração Refrio>Loja de Funcionário,Aberta,Dados & Digital,Backlog,Não atribuído,Dados & Digital,Integração,William Romero,,Backlog,E-Commerce,0,0,2026-03-31 19:59:29,2026-04-14 06:50:49,,,0,0,Demanda,
127,Portal Corporativo- Solicitação de Demonstrativo de Pagamento via Portal,Aberta,Dados & Digital,Concluído,Não atribuído,Dados & Digital,TI,Wander Nardino,,Fechado,Integração,0,0,2026-03-31 19:59:30,2026-04-14 06:50:51,2026-01-09 19:59:30,,0,0,Demanda,
128,KPIs Diretoria,Aberta,Dados & Digital,Análise TI,Não atribuído,Dados & Digital,TI,Ana Corazzini,,Em atendimento-Analise TI,Dados e BI,0,0,2026-03-31 19:59:31,2026-04-14 06:50:52,,,0,0,Demanda,
129,Criar Dash Board para o novo Processo de Vagas de DHO,Aberta,Dados & Digital,Concluído,Não atribuído,Dados & Digital,DHO,Flavio Zimmermman,,Fechado,Dados e BI,0,0,2026-03-31 19:59:32,2026-04-14 06:50:54,2026-01-12 19:59:32,,0,0,Demanda,
130,[SAC] Formulário de atendimento,Aberta,Dados & Digital,Análise TI,Não atribuído,Dados & Digital,SAC,Daniela Jacome,,Em atendimento-Analise TI,Site e Portal de Apoio,0,0,2026-03-31 19:59:33,2026-04-14 06:50:56,2026-04-07 19:59:33,,0,0,Demanda,
131,Refatoramento do código VBScript e HTML da assinatura de E-mails Elgin.,Aberta,Dados & Digital,Concluído,Não atribuído,Dados & Digital,TI,André Mello,,Fechado,Digital,0,0,2026-03-31 19:59:35,2026-04-14 06:50:58,2026-02-13 19:59:35,,0,0,Demanda,
132,Criação de Variáveis no Data Layer para Eventos de Carrinho e Compra,Aberta,Dados & Digital,Concluído,Não atribuído,Dados & Digital,Marketing,Georjes Bruel,,Fechado,Digital,0,0,2026-03-31 19:59:36,2026-04-14 06:50:59,2026-03-06 19:59:36,,0,0,Demanda,
133,Adequação para inclusão automática do ano nos Dashboards corporativos,Aberta,Dados & Digital,Concluído,Não atribuído,Dados & Digital,TI,Luis Toledo,,Fechado,Dados e BI,0,0,2026-03-31 19:59:37,2026-04-14 06:51:01,2026-02-19 19:59:37,,0,0,Demanda,
134,Unificação de Relatório Diretoria - Selia e Bemol,Aberta,Dados & Digital,Pendente Aprovação,Não atribuído,Dados & Digital,Integração,William Romero,,Pendente - Aguardando Aprovação DIRETORIA,E-Commerce,0,0,2026-03-31 19:59:38,2026-04-14 06:51:02,,,0,0,Demanda,
135,Monitoramento de Movimentações de Estoque,Aberta,Dados & Digital,Backlog,Não atribuído,Dados & Digital,Integração,William Romero,,Backlog,E-Commerce,0,0,2026-03-31 19:59:39,2026-04-14 06:51:04,,,0,0,Demanda,
136,Precificação — Relatório Automatizado com IA,Aberta,Dados & Digital,Backlog,Não atribuído,Dados & Digital,Integração,William Romero,,Backlog,E-Commerce,0,0,2026-03-31 19:59:40,2026-04-14 06:51:06,,,0,0,Demanda,
137,Criação do E-Commerce Automação (Peças),Aberta,Dados & Digital,Backlog,Não atribuído,Dados & Digital,Automação,Denise Santos,,Backlog,E-Commerce,0,0,2026-03-31 19:59:41,2026-04-14 06:51:08,,,0,0,Demanda,
138,Implementação de tecnologia para tradução automática de PDPs para Inglês e Espanhol,Aberta,Dados & Digital,Testes / Homologação,Não atribuído,Dados & Digital,Site e Portal de Apoio,Rafael Theodoro,,Homologação-Testes integrados,Marketing,0,0,2026-03-31 19:59:42,2026-04-14 06:51:09,2026-04-07 19:59:42,,0,0,Demanda,
139,Aplicar processo de doublecheck para meios de pagamento,Aberta,Dados & Digital,Concluído,Não atribuído,Dados & Digital,TI,Lika Shimizu,,Fechado,Digital,0,0,2026-03-31 19:59:43,2026-04-14 06:51:11,2026-02-03 19:59:43,,0,0,Demanda,
140,Adequação Adobe Commerce – Fim do Suporte 2.4.4),Aberta,Dados & Digital,Backlog,Não atribuído,Dados & Digital,TI,Luis Toledo,,Backlog,Digital,0,0,2026-03-31 19:59:44,2026-04-14 06:51:12,,,0,0,Demanda,
141,[Zeev] Processo de Inventário,Aberta,Dados & Digital,Em Desenvolvimento,Não atribuído,Dados & Digital,Controladoria,Viviane Piva,,Em atendimento-Em desenvolvimento,Integração,0,0,2026-03-31 19:59:45,2026-04-14 06:51:14,2026-05-26 19:59:45,,0,0,Demanda,
142,Dashboard de Leads de Marketing (Salesforce),Aberta,Dados & Digital,Pendente Aprovação,Não atribuído,Dados & Digital,Dados e BI,Rafael Theodoro,,Pendente - Aguardando Aprovação DIRETORIA,Marketing,0,0,2026-03-31 19:59:46,2026-04-14 06:51:16,,,0,0,Demanda,
143,Aprimoramento do BI Comercial – Indicadores de Performance de Vendedores,Aberta,Dados & Digital,Análise TI,Não atribuído,Dados & Digital,Comercial,Viviane Macedo,,Em atendimento-Analise TI,Dados e BI,0,0,2026-03-31 19:59:47,2026-04-14 06:51:17,,,0,0,Demanda,
144,Reformulação do Menu Gelatta,Aberta,Dados & Digital,Análise TI,Não atribuído,Dados & Digital,Marketing,Georjes Bruel,,Em atendimento-Analise TI,E-Commerce,0,0,2026-03-31 19:59:48,2026-04-14 06:51:19,,,0,0,Demanda,
145,"Habilitar Botão para Produtos acima de 10.000,00 - Formulário Externo",Aberta,Dados & Digital,Análise TI,Não atribuído,Dados & Digital,Marketing,Georjes Bruel,,Em atendimento-Analise TI,E-Commerce,0,0,2026-03-31 19:59:49,2026-04-14 06:51:20,,,0,0,Demanda,
146,Envio de e-mail comunicando novas atualizações no portal,Aberta,Dados & Digital,Pendente Aprovação,Não atribuído,Dados & Digital,Site e Portal de Apoio,Fernanda Berti,,Pendente - Aguardando Aprovação DIRETORIA,Marketing,0,0,2026-03-31 19:59:50,2026-04-14 06:51:22,,,0,0,Demanda,
147,Randomização de URL - Código randômico,Aberta,Dados & Digital,Pendente Aprovação,Não atribuído,Dados & Digital,Site e Portal de Apoio,Fernanda Berti,,Pendente - Aguardando Aprovação DIRETORIA,Marketing,0,0,2026-03-31 19:59:51,2026-04-14 06:51:24,,,0,0,Demanda,
148,Página Logística Rastreio de Mercadoria,Aberta,Dados & Digital,Análise TI,Não atribuído,Dados & Digital,Logística,Isabella Campos,,Em atendimento-Analise TI,Site e Portal de Apoio,0,0,2026-03-31 19:59:52,2026-04-14 06:51:26,,,0,0,Demanda,
149,Incluir informações de Remessa no dash Comercial Bens de consumo,Aberta,Dados & Digital,Pendente Aprovação,Não atribuído,Dados & Digital,Comercial,Thalita Grasson,,Pendente - Aguardando Aprovação DIRETORIA,Dados e BI,0,0,2026-03-31 19:59:53,2026-04-14 06:51:27,,,0,0,Demanda,
169,Substituição Maxload para JETTACARGO,Aberta,Ecomex,Pendente Aprovação,Não atribuído,Ecomex,213,Pamella Cuba,,,212,0,0,2026-03-31 20:00:14,2026-04-14 06:53:30,,,0,0,Demanda,
170,Contratação Ferramenta In transit + Demurrage,Aberta,Ecomex,On Hold / Impedimento,Não atribuído,Ecomex,213,Pamella Cuba,,,212,0,0,2026-03-31 20:00:15,2026-04-14 06:53:32,,,0,0,Demanda,
171,Unificação HDB,Aberta,Ecomex,Concluído,Não atribuído,Ecomex,213,Pamella Cuba,,,212,0,0,2026-03-31 20:00:16,2026-04-14 06:53:32,2025-12-15 20:00:16,,0,0,Demanda,
172,Relatio Custos Importação,Aberta,Ecomex,Testes / Homologação,Não atribuído,Ecomex,213,Vanessa Pohlmann,,,212,0,0,2026-03-31 20:00:17,2026-04-14 06:53:33,2026-03-03 20:00:17,,0,0,Demanda,
173,Reforma Tributária Ecomex,Aberta,Ecomex,Concluído,Não atribuído,Ecomex,213,Vanessa Pohlmann,,,212,0,0,2026-03-31 20:00:18,2026-04-14 06:53:34,2025-12-31 20:00:18,,0,0,Demanda,
174,DUIMP - Novo Processo de Importação ZFM,Aberta,Ecomex,Pendente Aprovação,Não atribuído,Ecomex,213,Pamella Cuba,,,212,0,0,2026-03-31 20:00:19,2026-04-14 06:53:35,,,0,0,Demanda,
175,GT Exportação,Aberta,Ecomex,Planejamento,Não atribuído,Ecomex,213,Pamella Cuba,,,212,0,0,2026-03-31 20:00:20,2026-04-14 06:53:36,,,0,0,Demanda,
176,Substituição Ecomex,Aberta,Ecomex,Backlog,Não atribuído,Ecomex,213,Vanessa Pohlmann,,,212,0,0,2026-03-31 20:00:21,2026-04-14 06:53:37,,,0,0,Demanda,
177,Alçada de Aprovação com Revisão de MSG Impressao,Aberta,Ecomex,Análise TI,Não atribuído,Ecomex,213,Vanessa Pohlmann,,,212,0,0,2026-03-31 20:00:22,2026-04-14 06:53:38,,,0,0,Demanda,
178,Ajuste Relatório customizado - Portal Ecomex,Aberta,Ecomex,On Hold / Impedimento,Não atribuído,Ecomex,213,Pamella Cuba,,,212,0,0,2026-03-31 20:00:23,2026-04-14 06:53:39,,,0,0,Demanda,
179,Refatoração Integrações Ecomex & SAP - Nova Arquitetura,Aberta,Ecomex,On Hold / Impedimento,Não atribuído,Ecomex,213,Andre Cavallari,,,212,0,0,2026-03-31 20:00:24,2026-04-14 06:53:40,,,0,0,Demanda,
180,Novo CD Distribuidora Santa Catarina,Aberta,Ecomex,Pendente Aprovação,Não atribuído,Ecomex,238,**Cherwell:**,,,214,0,0,2026-03-31 20:00:26,2026-04-14 06:53:41,,,0,0,Demanda,
181,CNPJ Alfanumérico,Aberta,Ecomex,Pendente Aprovação,Não atribuído,Ecomex,238,**Cherwell:**,,,214,0,0,2026-03-31 20:00:27,2026-04-14 06:53:42,,,0,0,Demanda,
150,Restruturação da Engenharia de Refrigeração,Aberta,Infraestrutura de Redes,On Hold / Impedimento,Não atribuído,Infraestrutura de Redes,177,Pedro Tumbiolo,,,176,0,0,2026-03-31 19:59:54,2026-04-14 06:52:44,,,0,0,Demanda,
151,Reestruturação do Servidor de Arquivos do Marketing,Aberta,Infraestrutura de Redes,Em Desenvolvimento,Não atribuído,Infraestrutura de Redes,178,Ivo Cavalcante,,,176,2,0,2026-03-31 19:59:55,2026-04-14 06:52:46,2026-06-01 19:59:55,,0,0,Demanda,
152,Ampliação do Estoque G4 – Infraestrutura de Rede,Aberta,Infraestrutura de Redes,Em Desenvolvimento,Não atribuído,Infraestrutura de Redes,178,Caio Guazzeli,,,176,0,0,2026-03-31 19:59:56,2026-04-14 06:52:49,2026-02-28 19:59:56,,0,0,Demanda,
153,"Infraestrutura de Rede – G5 (Administração, automação, estoque, indoor e injetoras)",Aberta,Infraestrutura de Redes,Em Desenvolvimento,Não atribuído,Infraestrutura de Redes,178,Caio Guazzeli,,,176,0,0,2026-03-31 19:59:57,2026-04-14 06:52:52,2026-01-30 19:59:57,,0,0,Demanda,
154,Instalação de Fibra de Backup – G5,Aberta,Infraestrutura de Redes,On Hold / Impedimento,Não atribuído,Infraestrutura de Redes,178,Caio Guazzeli,,,176,0,0,2026-03-31 19:59:58,2026-04-14 06:52:54,2026-01-30 19:59:58,,0,0,Demanda,
155,Melhoria de Cobertura Wi-Fi – Área do SETUCO,Aberta,Infraestrutura de Redes,Concluído,Não atribuído,Infraestrutura de Redes,178,Caio Guazzeli,,,176,0,0,2026-03-31 19:59:59,2026-04-14 06:52:56,2025-12-01 19:59:59,,0,0,Demanda,
156,Readequação do Ambiente de Backup – Unidades Elgin,Aberta,Infraestrutura de Redes,Pendente Aprovação,Não atribuído,Infraestrutura de Redes,178,Ivo Cavalcante,,,176,2,0,2026-03-31 20:00:00,2026-04-14 06:52:59,,,0,0,Demanda,
157,"Aumento de Throughput de Comunicação entre Servidores – MC, SP e MAO1",Aberta,Infraestrutura de Redes,On Hold / Impedimento,Não atribuído,Infraestrutura de Redes,178,Ivo Cavalcante,,,176,0,0,2026-03-31 20:00:02,2026-04-14 06:53:02,,,0,0,Demanda,
158,Expansão infraestrutura de TI G1,Aberta,Infraestrutura de Redes,Em Desenvolvimento,Não atribuído,Infraestrutura de Redes,178,Ivo Cavalcante,,,176,0,0,2026-03-31 20:00:03,2026-04-14 06:53:05,2026-03-30 20:00:03,,0,0,Demanda,
159,Segunda fase da expansão G4,Aberta,Infraestrutura de Redes,On Hold / Impedimento,Não atribuído,Infraestrutura de Redes,179,Ivo Cavalcante,,,176,0,0,2026-03-31 20:00:04,2026-04-14 06:53:06,,,0,0,Demanda,
160,Gerador de Energia Manaus 1,Aberta,Infraestrutura de Redes,On Hold / Impedimento,Não atribuído,Infraestrutura de Redes,179,Ivo Cavalcante,,,176,0,0,2026-03-31 20:00:05,2026-04-14 06:53:10,,,0,0,Demanda,
161,Gerador de Energia Manaus 3,Aberta,Infraestrutura de Redes,On Hold / Impedimento,Não atribuído,Infraestrutura de Redes,179,Ivo Cavalcante,,,176,0,0,2026-03-31 20:00:06,2026-04-14 06:53:12,,,0,0,Demanda,
182,Projeto Tubo Vision Capilar – PUR (363),Aberta,Inovação,Em Desenvolvimento,Não atribuído,Inovação,241,Caio Guazelli,,,240,1,0,2026-03-31 20:00:28,2026-04-14 06:53:49,,,0,0,Demanda,
183,Lince (Chicote) - PUR 364,Aberta,Inovação,Em Desenvolvimento,Não atribuído,Inovação,241,Caio Guazelli,,,240,0,0,2026-03-31 20:00:29,2026-04-14 06:53:50,,,0,0,Demanda,
184,Digitalização Carrossel de Vácuo,Aberta,Inovação,Em Desenvolvimento,Não atribuído,Inovação,241,Caio Guazelli,,,240,0,0,2026-03-31 20:00:30,2026-04-14 06:53:51,,,0,0,Demanda,
185,CETEVA (Teste IDU),Aberta,Inovação,Em Desenvolvimento,Não atribuído,Inovação,241,Caio Guazelli,,,240,0,0,2026-03-31 20:00:31,2026-04-14 06:53:52,,,0,0,Demanda,
186,Imprint Vision,Aberta,Inovação,Em Desenvolvimento,Não atribuído,Inovação,241,Caio Guazelli,,,240,0,0,2026-03-31 20:00:32,2026-04-14 06:53:53,,,0,0,Demanda,
187,Portal Corporativo Aura,Aberta,Inovação,Hypercare / Deploy,Não atribuído,Inovação,242,Ana Corazzini,,,240,0,0,2026-03-31 20:00:33,2026-04-14 06:53:53,,,0,0,Demanda,
188,Gestão de Filas Importação (PRIORIS),Aberta,Inovação,Ideação / POC,Não atribuído,Inovação,241,Paulo  Araújo,,,240,0,0,2026-03-31 20:00:34,2026-04-14 06:53:54,,,0,0,Demanda,
189,Identificação defeito na Linha de Produção – Ar (Manaus),Aberta,Inovação,Ideação / POC,Não atribuído,Inovação,242,Aline  Soares,,,240,0,0,2026-03-31 20:00:35,2026-04-14 06:53:55,,,0,0,Demanda,
190,Realidade aumentada (Augmented Worker Axians),Aberta,Inovação,Ideação / POC,Não atribuído,Inovação,242,Omar Aguilar,,,240,0,0,2026-03-31 20:00:36,2026-04-14 06:53:56,,,0,0,Demanda,
191,COE IA,Aberta,Inovação,Ideação / POC,Não atribuído,Inovação,242,Ana Corazzini,,,240,0,0,2026-03-31 20:00:37,2026-04-14 06:53:57,,,0,0,Demanda,
192,Solução de  Atendimento,Aberta,Inovação,Ideação / POC,Não atribuído,Inovação,242,?,,,240,0,0,2026-03-31 20:00:38,2026-04-14 06:53:58,,,0,0,Demanda,
193,HIPOT Evaporadora,Aberta,Inovação,Ideação / POC,Não atribuído,Inovação,241,Caio Guazelli,,,240,0,0,2026-03-31 20:00:39,2026-04-14 06:53:59,,,0,0,Demanda,
194,HIPOT Condensadora,Aberta,Inovação,Ideação / POC,Não atribuído,Inovação,241,Caio Guazelli,,,240,0,0,2026-03-31 20:00:40,2026-04-14 06:53:59,,,0,0,Demanda,
195,SATPROD (esteira automação),Aberta,Inovação,Ideação / POC,Não atribuído,Inovação,241,Caio Guazelli,,,240,0,0,2026-03-31 20:00:41,2026-04-14 06:54:00,,,0,0,Demanda,
196,SISTEMA MES,Aberta,Inovação,Ideação / POC,Não atribuído,Inovação,241,Caio Guazelli,,,240,0,0,2026-03-31 20:00:42,2026-04-14 06:54:01,,,0,0,Demanda,
197,Tampa Lateral,Aberta,Inovação,Ideação / POC,Não atribuído,Inovação,241,Caio Guazelli,,,240,0,0,2026-03-31 20:00:43,2026-04-14 06:54:02,,,0,0,Demanda,
198,Teste Funcional Piso Teto,Aberta,Inovação,Ideação / POC,Não atribuído,Inovação,241,Caio Guazelli,,,240,0,0,2026-03-31 20:00:44,2026-04-14 06:54:03,,,0,0,Demanda,
199,PACKOUT 2,Aberta,Inovação,Ideação / POC,Não atribuído,Inovação,241,Caio Guazelli,,,240,0,0,2026-03-31 20:00:45,2026-04-14 06:54:04,,,0,0,Demanda,
200,Projeto Solda,Aberta,Inovação,Ideação / POC,Não atribuído,Inovação,241,Caio Guazelli,,,240,0,0,2026-03-31 20:00:47,2026-04-14 06:54:05,,,0,0,Demanda,
201,Ergonomia Codensadora,Aberta,Inovação,Ideação / POC,Não atribuído,Inovação,241,Caio Guazelli,,,240,0,0,2026-03-31 20:00:48,2026-04-14 06:54:06,,,0,0,Demanda,
202,Final Evaporadora,Aberta,Inovação,Ideação / POC,Não atribuído,Inovação,241,Caio Guazelli,,,240,0,0,2026-03-31 20:00:49,2026-04-14 06:54:06,,,0,0,Demanda,
203,Atribuição GRC - Materiais Diferidos com Alíquota destacada em XML,Aberta,SAP,Pendente Aprovação,Não atribuído,SAP,271,Gustavo Bento,,,270,0,0,2026-03-31 20:00:50,2026-04-14 06:54:13,,,0,0,Demanda,
204,Dispositivo Legal,Aberta,SAP,Backlog,Não atribuído,SAP,271,Luana Carvalho,,,270,0,0,2026-03-31 20:00:51,2026-04-14 06:54:15,,,0,0,Demanda,
205,Melhoria Monitor Nota Fiscal de Serviço,Aberta,SAP,Backlog,Não atribuído,SAP,271,Luana Carvalho,,,270,0,0,2026-03-31 20:00:52,2026-04-14 06:54:17,,,0,0,Demanda,
206,Escrituração NFe desoneração,Aberta,SAP,Cancelado,Não atribuído,SAP,271,Rita de Cassia Pereira Gomes,,,270,0,0,2026-03-31 20:00:53,2026-04-14 06:54:19,,,0,0,Demanda,
207,Erro Faturamento FCP PB,Aberta,SAP,Backlog,Não atribuído,SAP,271,Karina Ramos Soares da Silva,,,270,0,0,2026-03-31 20:00:54,2026-04-14 06:54:20,,,0,0,Demanda,
208,Problema fiscal na emissão da NF já com o veículo carregado.,Aberta,SAP,Backlog,Não atribuído,SAP,278,Maykon Leandro Elias,,,270,0,0,2026-03-31 20:00:55,2026-04-14 06:54:22,,,0,0,Demanda,
209,Pagamentos de tributos banco BRADESCO e ITAU,Aberta,SAP,Backlog,Não atribuído,SAP,278,Sergio Cordeiro de Medelo,,,270,0,0,2026-03-31 20:00:56,2026-04-14 06:54:24,,,0,0,Demanda,
210,GT Lançamento Financeiros ECOMEX Exportação,Aberta,SAP,Backlog,Não atribuído,SAP,278,Kassio Olimpio Matos Mendes,,,270,0,0,2026-03-31 20:00:57,2026-04-14 06:54:25,,,0,0,Demanda,
211,Aprovação de programa de remessa no My inbox,Aberta,SAP,Backlog,Não atribuído,SAP,278,Priscila Oliveira,,,270,0,0,2026-03-31 20:00:58,2026-04-14 06:54:27,,,0,0,Demanda,
212,Leitura CFOP DANFE/XML,Aberta,SAP,Backlog,Não atribuído,SAP,271,Rita de Cassia Pereira Gomes,,,270,0,0,2026-03-31 20:00:59,2026-04-14 06:54:29,,,0,0,Demanda,
213,Cálculo Base Dupla - Uso e Consumo Saidas - DIFAL ST,Aberta,SAP,Backlog,Não atribuído,SAP,271,Karina Ramos Soares da Silva,,,270,0,0,2026-03-31 20:01:00,2026-04-14 06:54:30,,,0,0,Demanda,
214,Embasamento legal IPI operações ZFM,Aberta,SAP,Backlog,Não atribuído,SAP,271,Amanda dos Santos Hirota,,,270,0,0,2026-03-31 20:01:01,2026-04-14 06:54:31,,,0,0,Demanda,
215,Texto Embasamento legal PPB AM /SP,Aberta,SAP,Backlog,Não atribuído,SAP,271,Gustavo Bento,,,270,0,0,2026-03-31 20:01:02,2026-04-14 06:54:33,,,0,0,Demanda,
216,Projeto Cock-Pit MI01,Aberta,SAP,Backlog,Não atribuído,SAP,278,Matheus Forte,,,270,0,0,2026-03-31 20:01:03,2026-04-14 06:54:41,,,0,0,Demanda,
217,CALCULO DE % DE CONTRATO VPC com base vlr bruto de alguns contratos,Aberta,SAP,Backlog,Não atribuído,SAP,278,Viviane Carlotti Topan,,,270,0,0,2026-03-31 20:01:04,2026-04-14 06:54:43,,,0,0,Demanda,
218,Verificar bloqueio ou alerta para lançamento unidade diferente,Aberta,SAP,Backlog,Não atribuído,SAP,271,Rita de Cassia Pereira Gomes,,,270,0,0,2026-03-31 20:01:05,2026-04-14 06:54:45,,,0,0,Demanda,
219,Cenário Venda Entrega Futura,Aberta,SAP,On Hold / Impedimento,Não atribuído,SAP,271,Priscila Araújo,,,270,0,0,2026-03-31 20:01:06,2026-04-14 06:54:46,,,0,0,Demanda,
220,Transferências entre depósitos.,Aberta,SAP,On Hold / Impedimento,Não atribuído,SAP,284,Tawan Silva,,,270,0,0,2026-03-31 20:01:07,2026-04-14 06:54:48,,,0,0,Demanda,
221,[BPMS] Automatização do processo Desmembramento de Títulos,Aberta,SAP,Backlog,Não atribuído,SAP,278,Wander Nardino,,,270,0,0,2026-03-31 20:01:08,2026-04-14 06:54:50,,,0,0,Demanda,
222,[BPMS] Automatização do processo Descontos Concedidos,Aberta,SAP,Backlog,Não atribuído,SAP,278,Wander Nardino,,,270,0,0,2026-03-31 20:01:09,2026-04-14 06:54:51,,,0,0,Demanda,
223,[BPMS] Filtro DUIMP,Aberta,SAP,Backlog,Não atribuído,SAP,278,Wander Nardino,,,270,0,0,2026-03-31 20:01:10,2026-04-14 06:54:53,,,0,0,Demanda,
224,ZREG - Sprint II - Para requisições de materiais.,Aberta,SAP,Backlog,Não atribuído,SAP,278,Priscila Oliveira,,,270,0,0,2026-03-31 20:01:11,2026-04-14 06:54:54,,,0,0,Demanda,
225,Alteração valor unitário ZVT2,Aberta,SAP,Backlog,Não atribuído,SAP,271,Priscila Araújo,,,270,0,0,2026-03-31 20:01:13,2026-04-14 06:54:56,,,0,0,Demanda,
226,Criar API com geração de logs do SAP para o sistema AWS,Aberta,SAP,Concluído,Não atribuído,SAP,280,Henry Souza,,,270,0,0,2026-03-31 20:01:14,2026-04-14 06:54:58,2026-02-03 20:01:14,,0,0,Demanda,
227,ao clicar no botão esquema o nome dos aprovadores não esta correto em relação a estrutura de aprovadores,Aberta,SAP,Backlog,Não atribuído,SAP,278,Patricia Martins Borges,,,270,0,0,2026-03-31 20:01:15,2026-04-14 06:54:59,,,0,0,Demanda,
228,CRIAR - mudança na aprovação - condição de advertência chamada de ( Reprovado Verificar Email ),Aberta,SAP,Backlog,Não atribuído,SAP,278,Patricia Martins Borges,,,270,0,0,2026-03-31 20:01:16,2026-04-14 06:55:01,,,0,0,Demanda,
229,APP DA PCLD SOMANDO PARTIDAS MEMO INDEVIDAMENTE,Aberta,SAP,Backlog,Não atribuído,SAP,278,Daiane Priscila Dalben Gabriel,,,270,0,0,2026-03-31 20:01:17,2026-04-14 06:55:03,,,0,0,Demanda,
230,CRIAÇÃO DE OV/NOP - AJUSTE SINIEF 13 E 14_2024 - FASE 1,Aberta,SAP,Backlog,Não atribuído,SAP,271,Gustavo Bento,,,270,0,0,2026-03-31 20:01:18,2026-04-14 06:55:05,,,0,0,Demanda,
231,Sprint II - Desenvolvimento Cálculo Correção Ecomex,Aberta,SAP,On Hold / Impedimento,Não atribuído,SAP,271,Karina Ramos Soares da Silva,,,270,0,0,2026-03-31 20:01:19,2026-04-14 06:55:11,,,0,0,Demanda,
232,Automatizar Lançamentos Impostos FI - Serviço Internacional,Aberta,SAP,Concluído,Não atribuído,SAP,271,Rita de Cassia Pereira Gomes,,,270,0,0,2026-03-31 20:01:20,2026-04-14 06:55:13,2025-12-11 20:01:20,,0,0,Demanda,
233,EI13 - DESONERAÇÃO ICMS - ITENS IMPORTADOS,Aberta,SAP,Backlog,Não atribuído,SAP,271,Amanda dos Santos Hirota,,,270,0,0,2026-03-31 20:01:21,2026-04-14 06:55:15,,,0,0,Demanda,
234,Geração comissão SAP por CPF e não por empresa + CPF,Aberta,SAP,Backlog,Não atribuído,SAP,278,Everson Santos,,,270,0,0,2026-03-31 20:01:22,2026-04-14 06:55:17,,,0,0,Demanda,
235,Impressões automaticas,Aberta,SAP,Pendente Aprovação,Não atribuído,SAP,273,Yara Moreira,,,270,0,0,2026-03-31 20:01:23,2026-04-14 06:55:19,,,0,0,Demanda,
236,Criação de uma funcionalidade para comprovação suframa automação,Aberta,SAP,Backlog,Não atribuído,SAP,278,Ailton Silva,,,270,0,0,2026-03-31 20:01:24,2026-04-14 06:55:20,,,0,0,Demanda,
237,Correção de validação de LT ativa,Aberta,SAP,Backlog,Não atribuído,SAP,278,Gabriel Tavares,,,270,0,0,2026-03-31 20:01:25,2026-04-14 06:55:21,,,0,0,Demanda,
238,BLOQUEIO SAP X LINCROS,Aberta,SAP,Backlog,Não atribuído,SAP,278,Romulo Aires,,,270,0,0,2026-03-31 20:01:26,2026-04-14 06:55:23,,,0,0,Demanda,
239,Ajuste rateio condições  ovs exportação,Aberta,SAP,Pendente Aprovação,Não atribuído,SAP,290,Kassio Olimpio Matos Mendes,,,270,0,0,2026-03-31 20:01:27,2026-04-14 06:55:25,,,0,0,Demanda,
240,"Inserir a informação na transação LT10  com uma nova coluna, especificando o ciclo do inventário.",Aberta,SAP,Pendente Aprovação,Não atribuído,SAP,284,William Aparecido dos Santos Bernardino,,,270,0,0,2026-03-31 20:01:28,2026-04-14 06:55:27,,,0,0,Demanda,
241,Emissão de NF para sinistro de mercadoria,Aberta,SAP,Backlog,Não atribuído,SAP,271,Rita de Cassia Pereira Gomes,,,270,0,0,2026-03-31 20:01:30,2026-04-14 06:55:28,,,0,0,Demanda,
242,Ajuste LSMW - Objeto Steuc Ar Condicionado - Refrigeração,Aberta,SAP,Concluído,Não atribuído,SAP,300,Alan Govea Moreno,,,270,0,0,2026-03-31 20:01:31,2026-04-14 06:55:30,,,0,0,Demanda,
243,Demanda aberta para documentação do Projeto Unificação HDB,Aberta,SAP,Novo,Não atribuído,Geral,,,,,,0,0,2026-03-31 20:01:32,2026-03-31 20:01:32,,,0,0,Demanda,
244,ENDEREÇO DE ENTREGA CENTRALIZADO,Aberta,SAP,Pendente Aprovação,Não atribuído,SAP,273,Romulo Aires de Souza,,,270,0,0,2026-03-31 20:01:33,2026-04-14 06:55:32,,,0,0,Demanda,
245,Paulo Camara - Efetuado pela Numem - Encerrado,Aberta,SAP,Backlog,Não atribuído,Geral,,,,,,0,0,2026-03-31 20:01:34,2026-03-31 20:01:34,,,0,0,Demanda,
246,Ajuste Sinief  13 e 14/2024 - Devolução Simbolica,Aberta,SAP,On Hold / Impedimento,Não atribuído,SAP,271,Rita de Cassia Pereira Gomes,,,270,0,0,2026-03-31 20:01:35,2026-04-14 06:55:40,,,0,0,Demanda,
247,Bloqueio Ação OV,Aberta,SAP,Pendente Aprovação,Não atribuído,SAP,273,Yara Moreira,,,270,0,0,2026-03-31 20:01:36,2026-04-14 06:55:42,,,0,0,Demanda,
248,ZPP016 não aparece horas do cartão em EL02,Aberta,SAP,Cancelado,Não atribuído,SAP,272,Fabrício Fernandes,,,270,0,0,2026-03-31 20:01:37,2026-04-14 06:55:44,,,0,0,Demanda,
249,MYIBOX para ZKIT - Rafael Feder,Aberta,SAP,Backlog,Não atribuído,SAP,278,André Cavallari,,,270,0,0,2026-03-31 20:01:38,2026-04-14 06:55:45,,,0,0,Demanda,
250,Estudo sobre atualização de dados cadastrais,Aberta,SAP,Backlog,Não atribuído,SAP,278,Vitoria Faria Carvalho da Costa,,,270,0,0,2026-03-31 20:01:39,2026-04-14 06:55:47,,,0,0,Demanda,
251,BEMOL - Alerta de estoque,Aberta,SAP,Backlog,Não atribuído,SAP,278,Willian Romero,,,270,0,0,2026-03-31 20:01:40,2026-04-14 06:55:49,,,0,0,Demanda,
252,BEMOL - Melhoria no fluxo de cancelamentos,Aberta,SAP,Backlog,Não atribuído,SAP,278,Willian Romero,,,270,0,0,2026-03-31 20:01:41,2026-04-14 06:55:50,,,0,0,Demanda,
253,"ID externa 1 da VT02N, refletir na ZWM031",Aberta,SAP,Backlog,Não atribuído,SAP,272,André Zavata,,,270,0,0,2026-03-31 20:01:42,2026-04-14 06:55:51,,,0,0,Demanda,
254,Analisar DUMP,Aberta,SAP,Pendente Aprovação,Não atribuído,SAP,273,Leticia Silva,,,270,0,0,2026-03-31 20:01:43,2026-04-14 06:55:53,,,0,0,Demanda,
255,Desenvolver uma Plataforma para Requisições de Ajuste por Inventário - Zeev,Aberta,SAP,Em Desenvolvimento,Não atribuído,SAP,280,Matheus Forte,,,270,0,0,2026-03-31 20:01:49,2026-04-14 06:55:55,2026-05-19 20:01:49,,0,0,Demanda,
256,Leitura de serial + impressão de UD no centro EI06,Aberta,SAP,Backlog,Não atribuído,SAP,278,Salomao Gama Maia,,,270,0,0,2026-03-31 20:01:50,2026-04-14 06:55:57,,,0,0,Demanda,
257,Texto Depósitos Elgin - XML,Aberta,SAP,Backlog,Não atribuído,SAP,271,Rita de Cassia Pereira Gomes,,,270,0,0,2026-03-31 20:01:51,2026-04-14 06:55:58,,,0,0,Demanda,
258,Nfs bonificação - CFOP5910/6910,Aberta,SAP,Backlog,Não atribuído,SAP,271,Rita de Cassia Pereira Gomes,,,270,0,0,2026-03-31 20:01:52,2026-04-14 06:55:59,,,0,0,Demanda,
259,Erro no apontamento de refugo na ordem de produção,Aberta,SAP,Concluído,Não atribuído,SAP,272,Julio Cesar Silva,,,270,0,0,2026-03-31 20:01:53,2026-04-14 06:56:01,2025-12-04 20:01:53,,0,0,Demanda,
260,Criação de Automação da Atualização de Saldo/Cotas Salesforce / SAP,Aberta,SAP,Pendente Aprovação,Não atribuído,SAP,285,Carlos Almeida,,,270,0,0,2026-03-31 20:01:54,2026-04-14 06:56:02,2025-11-13 20:01:54,,0,0,Demanda,
261,Serviço Prestado Elgin ao cliente com autoretenção IR,Aberta,SAP,Backlog,Não atribuído,Geral,,,,,,0,0,2026-03-31 20:01:55,2026-03-31 20:01:55,,,0,0,Demanda,
262,Texto Faturamento Consignação  - SC,Aberta,SAP,Backlog,Não atribuído,SAP,271,Rita de Cassia Pereira Gomes,,,270,0,0,2026-03-31 20:01:57,2026-04-14 06:56:09,,,0,0,Demanda,
263,Migo - Campo TXT cab doc,Aberta,SAP,Em Desenvolvimento,Não atribuído,SAP,271,Rita de Cassia Pereira Gomes,,,270,0,0,2026-03-31 20:01:58,2026-04-14 06:56:11,2026-05-05 20:01:58,,0,0,Demanda,
264,VK11,Aberta,SAP,Backlog,Não atribuído,SAP,278,Gabriela Santos Batista,,,270,0,0,2026-03-31 20:01:59,2026-04-14 06:56:13,,,0,0,Demanda,
265,NOP020 - calculo indevido de ICMS proprio,Aberta,SAP,Backlog,Não atribuído,SAP,271,Amanda dos Santos Hirota,,,270,0,0,2026-03-31 20:02:00,2026-04-14 06:56:15,,,0,0,Demanda,
266,COSTUMIZAR TRANSAÇÃO ZMM010 - IMPRIMIR ETIQUETA,Aberta,SAP,Concluído,Não atribuído,SAP,272,Isabelle Campos,,,270,0,0,2026-03-31 20:02:01,2026-04-14 06:56:17,,,0,0,Demanda,
267,Aprovação em massa Myinbox,Aberta,SAP,On Hold / Impedimento,Não atribuído,SAP,272,Maykon Leandro Elias,,,270,0,0,2026-03-31 20:02:02,2026-04-14 06:56:18,,,0,0,Demanda,
268,Criação de Coluna Faturado/Entregue na ZSAC002,Aberta,SAP,Cancelado,Não atribuído,SAP,281,Felipe Gomes da Silva,,,270,0,0,2026-03-31 20:02:03,2026-04-14 06:56:19,,,0,0,Demanda,
269,PIS/COFINS 16A - EXCLUSÃO ICMS,Aberta,SAP,Backlog,Não atribuído,SAP,271,Amanda dos Santos Hirota,,,270,0,0,2026-03-31 20:02:04,2026-04-14 06:56:21,,,0,0,Demanda,
270,Venda ME contabilizando na receita financeira incorretamente,Aberta,SAP,Backlog,Não atribuído,SAP,278,Priscila Menezes de Freitas,,,270,0,0,2026-03-31 20:02:05,2026-04-14 06:56:23,,,0,0,Demanda,
271,ZCO005 56BMP4FIPAN1 EI41,Aberta,SAP,Backlog,Não atribuído,SAP,278,Luciana Satie Katsuda Venancio,,,270,0,0,2026-03-31 20:02:06,2026-04-14 06:56:25,,,0,0,Demanda,
272,TRAVA MONITOR - CANCELAMENTO DE NF APÓS 24 HRS,Aberta,SAP,Backlog,Não atribuído,SAP,271,Amanda dos Santos Hirota,,,270,0,0,2026-03-31 20:02:07,2026-04-14 06:56:26,,,0,0,Demanda,
273,NOTA TÉCNICA CONJUNTA  2025.001 - CNPJ ALFANUMÉRICO,Aberta,SAP,Backlog,Não atribuído,SAP,271,Amanda dos Santos Hirota,,,270,0,0,2026-03-31 20:02:08,2026-04-14 06:56:28,,,0,0,Demanda,
274,"API de postergação , se instrução 01 já estiver com 6 e realizar a postergação não envia alt.data para o banco",Aberta,SAP,Concluído,Não atribuído,SAP,280,Daiane Priscila Dalben Gabriel,,,270,0,0,2026-03-31 20:02:09,2026-04-14 06:56:29,2025-12-11 20:02:09,,0,0,Demanda,
275,Concessão de acesso a relatórios de custos por perfil (gestão de despesas) 90118,Aberta,SAP,Pendente Aprovação,Não atribuído,SAP,272,Thiago Siqueira,,,270,0,0,2026-03-31 20:02:11,2026-04-14 06:56:31,,,0,0,Demanda,
276,CÓDIGO DO PRODUTO - XML E DANFE,Aberta,SAP,Backlog,Não atribuído,SAP,271,Amanda dos Santos Hirota,,,270,0,0,2026-03-31 20:02:12,2026-04-14 06:56:37,,,0,0,Demanda,
277,Unificar programas de Calculo de Comissão,Aberta,SAP,Backlog,Não atribuído,SAP,278,Gabriela Santos Batista,,,270,0,0,2026-03-31 20:02:13,2026-04-14 06:56:39,,,0,0,Demanda,
278,NOP620 - Exclusão ICMS próprio da base do ICMS ST,Aberta,SAP,Backlog,Não atribuído,SAP,271,Rita de Cassia Pereira Gomes,,,270,0,0,2026-03-31 20:02:14,2026-04-14 06:56:41,,,0,0,Demanda,
279,DÚVIDAS SOBRE VISÃO DE MRP1/2/3 E 4,Aberta,SAP,Pendente Aprovação,Não atribuído,SAP,285,Maria de Lourdes,,,270,0,0,2026-03-31 20:02:15,2026-04-14 06:56:43,,,0,0,Demanda,
280,Leitura Imposto XML Simples nacional - GRC,Aberta,SAP,Backlog,Não atribuído,SAP,271,Rita de Cassia Pereira Gomes,,,270,0,0,2026-03-31 20:02:16,2026-04-14 06:56:45,,,0,0,Demanda,
281,JOB ZWM_PROCESSA_INTEGRACAO SD,Aberta,SAP,Pendente Aprovação,Não atribuído,SAP,280,Leticia Silva,,,270,0,0,2026-03-31 20:02:17,2026-04-14 06:56:47,,,0,0,Demanda,
282,Cancelamento NOTAS no SAP via ZEEV,Aberta,SAP,Análise TI,Não atribuído,SAP,285,Viviane Carlotti Topan,,,270,0,0,2026-03-31 20:02:18,2026-04-14 06:56:48,,,0,0,Demanda,
283,MP NÃO CONSUMIDA NA ORDEM,Aberta,SAP,Backlog,Não atribuído,SAP,272,Maria de Lourdes,,,270,0,0,2026-03-31 20:02:19,2026-04-14 06:56:50,,,0,0,Demanda,
284,GESTÃO FILAS IMPORTACAO - Etapa automatizada Nf,Aberta,SAP,Backlog,Não atribuído,SAP,278,Anderson Martinez,,,270,0,0,2026-03-31 20:02:20,2026-04-14 06:56:52,,,0,0,Demanda,
285,Erro frete no pedido,Aberta,SAP,On Hold / Impedimento,Não atribuído,SAP,272,Priscila Oliveira,,,270,0,0,2026-03-31 20:02:21,2026-04-14 06:56:54,,,0,0,Demanda,
286,TEXTO DADOS ADICIONAIS: NF DE IMPORTAÇÃO,Aberta,SAP,Backlog,Não atribuído,SAP,271,Amanda dos Santos Hirota,,,270,0,0,2026-03-31 20:02:22,2026-04-14 06:56:55,,,0,0,Demanda,
287,Inclusão fabricante em Programas ZKIT - Demanda legal para DUIMP / Catalogo de Produtos,Aberta,SAP,Cancelado,Não atribuído,SAP,281,Igor Calabrez,,,270,0,0,2026-03-31 20:02:23,2026-04-14 06:56:56,,,0,0,Demanda,
288,Melhoria da etiqueta amarela -  limitações técnicas,Aberta,SAP,Backlog,Não atribuído,SAP,272,Victor Carvalho,,,270,0,0,2026-03-31 20:02:24,2026-04-14 06:56:58,,,0,0,Demanda,
289,Apontamento refugo produção,Aberta,SAP,Concluído,Não atribuído,SAP,280,Luiz Saturnino,,,270,0,0,2026-03-31 20:02:25,2026-04-14 06:57:00,2025-12-04 20:02:25,,0,0,Demanda,
290,Inclusão Campo Transação ZSD025,Aberta,SAP,Cancelado,Não atribuído,SAP,281,Marcio Alves dos Passos Junior,,,270,0,0,2026-03-31 20:02:26,2026-04-14 06:57:02,,,0,0,Demanda,
291,CRIAÇÃO DE OV/NOP - AJUSTE SINIEF 13 E 14_2024 - FASE 2,Aberta,SAP,Backlog,Não atribuído,SAP,271,Gustavo Bento,,,270,0,0,2026-03-31 20:02:27,2026-04-14 06:57:11,,,0,0,Demanda,
292,CRIAÇÃO DE OV/NOP - AJUSTE SINIEF 13 E 14_2024 - FASE 3,Aberta,SAP,Backlog,Não atribuído,SAP,271,Gustavo Bento,,,270,0,0,2026-03-31 20:02:29,2026-04-14 06:57:13,,,0,0,Demanda,
293,APLICAR NOTA TÉCNICA  NT2023.005 - Insucesso na Entrega,Aberta,SAP,Pendente Aprovação,Não atribuído,SAP,271,Amanda dos Santos Hirota,,,270,0,0,2026-03-31 20:02:30,2026-04-14 06:57:15,,,0,0,Demanda,
294,Solicitação de Verificação – Tela de Aprovação ZMM003,Aberta,SAP,Planejamento,Não atribuído,SAP,272,Joelma Siqueira,,,270,0,0,2026-03-31 20:02:31,2026-04-14 06:57:17,,,0,0,Demanda,
295,ZVT2 - recebedor da mercadoria (tratar contas com restrições no SAP ) na remessa,Aberta,SAP,Pendente Aprovação,Não atribuído,SAP,285,Elisangela Santos,,,270,0,0,2026-03-31 20:02:32,2026-04-14 06:57:19,,,0,0,Demanda,
296,Monitor de Notas - Rejeição Lote - Falha Schema,Aberta,SAP,Backlog,Não atribuído,SAP,271,Rita de Cassia Pereira Gomes,,,270,0,0,2026-03-31 20:02:33,2026-04-14 06:57:20,,,0,0,Demanda,
297,INCLUIR EMBASAMENTO LEGAL - EXPORTAÇÃO,Aberta,SAP,Em Desenvolvimento,Não atribuído,SAP,271,Amanda dos Santos Hirota,,,270,0,0,2026-03-31 20:02:34,2026-04-14 06:57:21,,,0,0,Demanda,
298,INCLUSÃO DE TEXTOS: DADOS ADICIONAIS  - TRIANGULAÇÃO COMEX,Aberta,SAP,Backlog,Não atribuído,SAP,271,Amanda dos Santos Hirota,,,270,0,0,2026-03-31 20:02:35,2026-04-14 06:57:23,,,0,0,Demanda,
299,incluir informação nos dados adicionais - campo prioridade da Remessa,Aberta,SAP,Pendente Aprovação,Não atribuído,SAP,273,Thiago Coutinho,,,270,0,0,2026-03-31 20:02:36,2026-04-14 06:57:25,,,0,0,Demanda,
300,Ajuste de campo doc num para Escrituração Despe Importaçao,Aberta,SAP,Pendente Aprovação,Não atribuído,SAP,271,Amanda dos Santos Hirota,,,270,0,0,2026-03-31 20:02:37,2026-04-14 06:57:27,,,0,0,Demanda,
301,Serviço Prestado Elgin ao cliente com autoretenção IR,Aberta,SAP,Backlog,Não atribuído,SAP,271,Rita de Cassia Pereira Gomes,,,270,0,0,2026-03-31 20:02:38,2026-04-14 06:57:28,,,0,0,Demanda,
302,Inclusão da coluna custo fixo no relatório ZCO005 centro EH51 e ELR2,Aberta,SAP,Backlog,Não atribuído,SAP,278,Luciana Satie Katsuda Venancio,,,270,0,0,2026-03-31 20:02:39,2026-04-14 06:57:30,,,0,0,Demanda,
303,Alteração transação ZWM031,Aberta,SAP,Cancelado,Não atribuído,SAP,272,Marcio Alves dos Passos Junior,,,270,0,0,2026-03-31 20:02:40,2026-04-14 06:57:31,,,0,0,Demanda,
304,Projeto Reforma Tributária 2025,Aberta,SAP,Testes / Homologação,Não atribuído,SAP,271,Diego Ferreira,,,270,0,0,2026-03-31 20:02:41,2026-04-14 06:57:33,2026-01-01 20:02:41,,0,0,Demanda,
305,Desenvolvimento Portal Reset de Senha,Aberta,SAP,Backlog,Não atribuído,SAP,278,André Cavallari,,,270,0,0,2026-03-31 20:02:42,2026-04-14 06:57:34,,,0,0,Demanda,
306,Criar Cenário Devolução de Ativo,Aberta,SAP,Pendente Aprovação,Não atribuído,SAP,271,Rita de Cassia Pereira Gomes,,,270,0,0,2026-03-31 20:02:44,2026-04-14 06:57:45,,,0,0,Demanda,
307,"Bloqueio de todos os usuários, exceto o meu e o do Wellington Silva JSIQUEIRA E WSSILVA, em relação ao movimento 311 de produtos acabados na transação MIGO de transferência.",Aberta,SAP,Em Desenvolvimento,Não atribuído,SAP,285,Joelma Siqueira,,,270,0,0,2026-03-31 20:02:45,2026-04-14 06:57:47,,,0,0,Demanda,
308,Incluir o campo Prioridade da remessa no JSON de envio para o operador,Aberta,SAP,Pendente Aprovação,Não atribuído,SAP,273,Thiago Coutinho,,,270,0,0,2026-03-31 20:02:46,2026-04-14 06:57:49,,,0,0,Demanda,
309,"Retenção de IR 1,2% - Venda mercadoria - cliente órgão público",Aberta,SAP,Backlog,Não atribuído,SAP,271,Rita de Cassia Pereira Gomes,,,270,0,0,2026-03-31 20:02:47,2026-04-14 06:57:51,,,0,0,Demanda,
310,Itens Revenda de intercompany - De X Para,Aberta,SAP,Pendente Aprovação,Não atribuído,SAP,271,Rita de Cassia Pereira Gomes,,,270,0,0,2026-03-31 20:02:48,2026-04-14 06:57:53,,,0,0,Demanda,
311,Desenvolvimento para Integração de Dados Logísticos (Lincros-SAP-Salesforce),Aberta,SAP,Testes / Homologação,Não atribuído,SAP,284,Jessica Ingrid de Assis Rezende,,,270,0,0,2026-03-31 20:02:49,2026-04-14 06:57:54,2026-02-19 20:02:49,,0,0,Demanda,
312,Eliminação da COGI - Revisão ZPP012/CO15,Aberta,SAP,Pendente Aprovação,Não atribuído,SAP,272,Júlia Jacobsen,,,270,0,0,2026-03-31 20:02:50,2026-04-14 06:57:55,,,0,0,Demanda,
313,Criar NOP do conserto e incluir o CBENEF,Aberta,SAP,Backlog,Não atribuído,SAP,271,Rita de Cassia Pereira Gomes,,,270,0,0,2026-03-31 20:02:51,2026-04-14 06:57:57,,,0,0,Demanda,
314,Criar cenário de venda de sucata de processo industrial,Aberta,SAP,Backlog,Não atribuído,SAP,271,Rita de Cassia Pereira Gomes,,,270,0,0,2026-03-31 20:02:52,2026-04-14 06:57:59,,,0,0,Demanda,
315,Nota Técnica 2023.004_v1.21 -Informações de Pagamentos e Outros,Aberta,SAP,Backlog,Não atribuído,SAP,271,Amanda dos Santos Hirota,,,270,0,0,2026-03-31 20:02:53,2026-04-14 06:58:01,,,0,0,Demanda,
316,CRÉDITO PRESUMIDO - EM CAMPO CBENEF,Aberta,SAP,Backlog,Não atribuído,SAP,271,Amanda dos Santos Hirota,,,270,0,0,2026-03-31 20:02:54,2026-04-14 06:58:02,,,0,0,Demanda,
317,Itens Subcontratados :  buscando o menor custo para calculo do produto,Aberta,SAP,Backlog,Não atribuído,SAP,278,Luciana Satie Katsuda Venancio,,,270,0,0,2026-03-31 20:02:55,2026-04-14 06:58:04,,,0,0,Demanda,
318,CADASTRO DE TABELA DE FRETE POR PESO,Aberta,SAP,Backlog,Não atribuído,SAP,278,Romulo Aires,,,270,0,0,2026-03-31 20:02:56,2026-04-14 06:58:06,,,0,0,Demanda,
319,Arquitetura para exclusão do desenvol aprovação - integra Ecomex,Aberta,SAP,Pendente Aprovação,Não atribuído,SAP,285,Vanessa Pohlmann,,,270,0,0,2026-03-31 20:02:57,2026-04-14 06:58:07,,,0,0,Demanda,
320,Criação de API para retorno de XML e PDF da Danfe (substituição do UP),Aberta,SAP,Concluído,Não atribuído,SAP,280,Carlos Almeida,,,270,0,0,2026-03-31 20:02:58,2026-04-14 06:58:09,2026-01-20 20:02:58,,0,0,Demanda,
321,Relatório DVV - VPC,Aberta,SAP,Planejamento,Não atribuído,SAP,294,Thiago Siqueira,,,270,0,0,2026-03-31 20:02:59,2026-04-14 06:58:15,,,0,0,Demanda,
322,Movimentos ZRG e ZRT - MIGO - 09/02,Aberta,SAP,Pendente Aprovação,Não atribuído,SAP,271,Rita Gomes,,,270,2,0,2026-03-31 20:03:00,2026-04-14 06:58:17,,,0,0,Demanda,
323,Aprovação direta por Margem de contribuição,Aberta,SAP,On Hold / Impedimento,Não atribuído,SAP,280,Carlos Almeida,,,270,1,0,2026-03-31 20:03:01,2026-04-14 06:58:19,,,0,0,Demanda,
324,Relatório de Faturamento – SAP  (ZSAC no Salesforce),Aberta,SAP,Cancelado,Não atribuído,SAP,281,Luiz Arnaldo Carrasco Lopes,,,270,0,0,2026-03-31 20:03:02,2026-04-14 06:58:20,,,0,0,Demanda,
325,Cenário - Venda Leasing de Conjunto Industrial,Aberta,SAP,Backlog,Não atribuído,SAP,271,Gustavo Bento,,,270,0,0,2026-03-31 20:03:04,2026-04-14 06:58:22,,,0,0,Demanda,
326,MONITOR ECG - FASE 2,Aberta,SAP,Backlog,Não atribuído,SAP,271,Amanda dos Santos Hirota,,,270,0,0,2026-03-31 20:03:05,2026-04-14 06:58:24,,,0,0,Demanda,
327,SOLICITAÇÃO CORREIOS - ETIQUETA COM NOTA FISCAL SIMPLIFICADA,Aberta,SAP,Pendente Aprovação,Não atribuído,SAP,280,Romulo Aires,,,270,0,0,2026-03-31 20:03:06,2026-04-14 06:58:25,,,0,0,Demanda,
328,NOPE Remessa Exportação Remessa / CBNEF,Aberta,SAP,Concluído,Não atribuído,SAP,271,Amanda Hirota,,,270,0,0,2026-03-31 20:03:07,2026-04-14 06:58:27,2026-01-06 20:03:07,,0,0,Demanda,
329,Cadastro de serviço_Bloqueio de informação obrigatória,Aberta,SAP,On Hold / Impedimento,Não atribuído,SAP,285,Priscila Menezes de Freitas,,,270,0,0,2026-03-31 20:03:08,2026-04-14 06:58:28,,,0,0,Demanda,
330,2° Fase de automatização ZEEV,Aberta,SAP,Backlog,Não atribuído,SAP,278,Vanessa Fantinatti,,,270,0,0,2026-03-31 20:03:09,2026-04-14 06:58:30,,,0,0,Demanda,
331,Campo Raiz CNPJ e CNPJ aprovações de verbas,Aberta,SAP,Backlog,Não atribuído,SAP,278,Elisangela Santos,,,270,0,0,2026-03-31 20:03:10,2026-04-14 06:58:32,,,0,0,Demanda,
332,Captura de CTE pelo DRC,Aberta,SAP,Cancelado,Não atribuído,SAP,272,Felipe Gomes da Silva,,,270,0,0,2026-03-31 20:03:11,2026-04-14 06:58:33,,,0,0,Demanda,
333,Pedido de compra intercompany /nZMM_INTERCOMPANY,Aberta,SAP,Planejamento,Não atribuído,SAP,285,Fernando Ricci Rodrigues,,,270,0,0,2026-03-31 20:03:12,2026-04-14 06:58:34,,,0,0,Demanda,
334,ELNE: CRIAÇÃO DE ZSD,Aberta,SAP,Análise TI,Não atribuído,SAP,271,Amanda dos Santos Hirota,,,270,0,0,2026-03-31 20:03:13,2026-04-14 06:58:36,,,0,0,Demanda,
335,Erro NF entrada,Aberta,SAP,Backlog,Não atribuído,SAP,271,Leticia Aragão,,,270,0,0,2026-03-31 20:03:14,2026-04-14 06:58:38,,,0,0,Demanda,
336,Abertura custos de importação no kardex,Aberta,SAP,Ideação / POC,Não atribuído,SAP,285,Viviane Piva,,,270,0,0,2026-03-31 20:03:15,2026-04-14 06:58:45,2025-12-18 20:03:15,,0,0,Demanda,
337,"1.Correção para consultas/efetivação de prorrogação de raiz CNPJ: títulos com CNPJs completos distintos e mesma raiz;
2.Correção para permitir prorrogação de títulos de serviço (sem número de série);
3.Adequação para não permitir prorrogação de título mai",Aberta,SAP,Cancelado,Não atribuído,Geral,,,,,,0,0,2026-03-31 20:03:16,2026-03-31 20:03:16,2026-02-19 20:03:16,,0,0,Demanda,
338,Comissão - Código 10.05 Agenciadores comissionados,Aberta,SAP,Backlog,Não atribuído,SAP,271,Rita de Cassia Pereira Gomes,,,270,0,0,2026-03-31 20:03:18,2026-04-14 06:58:47,,,0,0,Demanda,
339,Construção de uma API para consulta de Demonstrativo de Pagamento dos colaboradores Elgin,Aberta,SAP,Concluído,Não atribuído,SAP,285,Wander Nardino,,,280,0,0,2026-03-31 20:03:19,2026-04-14 06:58:49,2026-01-30 20:03:19,,0,0,Demanda,
340,Personalização da Tela VT01N,Aberta,SAP,Pendente Aprovação,Não atribuído,SAP,284,Maykon Leandro Elias,,,270,0,0,2026-03-31 20:03:20,2026-04-14 06:58:51,,,0,0,Demanda,
341,Cadastro de Fornecedores - Proposicao de Solucao,Aberta,SAP,Backlog,Não atribuído,SAP,300,Vitoria Faria Carvalho da Costa,,,278,0,0,2026-03-31 20:03:21,2026-04-14 06:58:52,,,0,0,Demanda,
342,Melhorias Zeev.,Aberta,SAP,On Hold / Impedimento,Não atribuído,SAP,285,Paloma Rodrigues,,,270,0,0,2026-03-31 20:03:22,2026-04-14 06:58:54,2026-02-10 20:03:22,,0,0,Demanda,
343,ADEQUAÇÃO ETIQUETAS DE IDENTIFICAÇÃO DE PRODUTOS,Aberta,SAP,Backlog,Não atribuído,SAP,272,Iuri Santos,,,270,0,0,2026-03-31 20:03:23,2026-04-14 06:58:55,,,0,0,Demanda,
344,Melhoria Alerta Falta de PPB - Pedido ZIKT,Aberta,SAP,Pendente Aprovação,Não atribuído,SAP,273,Vivian Ferreira Machado,,,270,0,0,2026-03-31 20:03:24,2026-04-14 06:58:57,,,0,0,Demanda,
345,Alteração no APP pegadados e alteradados item postergação(ZEEV),Aberta,SAP,Concluído,Não atribuído,SAP,280,Viviane Carlotti Topan,,,270,0,0,2026-03-31 20:03:25,2026-04-14 06:58:59,2026-02-10 20:03:25,,0,0,Demanda,
346,CBNEF SP,Aberta,SAP,Em Desenvolvimento,Não atribuído,SAP,271,Rita de Cassia Pereira Gomes,,,270,0,0,2026-03-31 20:03:26,2026-04-14 06:59:00,,,0,0,Demanda,
347,AJUSTE SINIEF 49/2025,Aberta,SAP,Backlog,Não atribuído,Geral,,,,,,0,0,2026-03-31 20:03:27,2026-03-31 20:03:27,,,0,0,Demanda,
348,Dump - Miro de entrega futura,Aberta,SAP,Concluído,Não atribuído,SAP,271,Rita de Cassia Pereira Gomes,,,270,2,0,2026-03-31 20:03:28,2026-04-14 06:59:02,2026-02-03 20:03:28,,0,0,Demanda,
349,Nf complementar de quantidade sobre tipo de ordem ZVRA e ZVRC,Aberta,SAP,Backlog,Não atribuído,SAP,271,Rita de Cassia Pereira Gomes,,,270,0,0,2026-03-31 20:03:29,2026-04-14 06:59:04,,,0,0,Demanda,
350,Etiqueta de Características Técnicas (Etiqueta do produto),Aberta,SAP,Pendente Aprovação,Não atribuído,SAP,273,Natalia Cristina Franco Silva,,,270,0,0,2026-03-31 20:03:30,2026-04-14 06:59:06,,,0,0,Demanda,
351,integração DRC para operador logística - ED25,Aberta,SAP,Backlog,Não atribuído,SAP,272,Thiago Coutinho,,,270,0,0,2026-03-31 20:03:31,2026-04-14 06:59:12,,,0,0,Demanda,
352,Verificar JOB pedidos ZREG,Aberta,SAP,Em Desenvolvimento,Não atribuído,SAP,272,Priscila Oliveira,,,270,0,0,2026-03-31 20:03:32,2026-04-14 06:59:14,2026-05-05 20:03:32,,0,0,Demanda,
353,Inclusão de 2 campos no relatório de notas intercompany,Aberta,SAP,Backlog,Não atribuído,SAP,272,Maykon Leandro Elias,,,270,0,0,2026-03-31 20:03:33,2026-04-14 06:59:16,,,0,0,Demanda,
354,Compensação automática E945 - Boleto à vista para faturamento parcial,Aberta,SAP,Concluído,Não atribuído,SAP,280,Viviane Carlotti Topan,,,270,1,0,2026-03-31 20:03:35,2026-04-14 06:59:18,2026-02-03 20:03:35,,0,0,Demanda,
355,EI02 - Automatização - Autos Lançamentos AM,Aberta,SAP,Análise TI,Não atribuído,SAP,271,Rita de Cassia Pereira Gomes,,,270,0,0,2026-03-31 20:03:36,2026-04-14 06:59:20,,,0,0,Demanda,
356,Reserva: depósito DPRE,Aberta,SAP,Backlog,Não atribuído,SAP,272,Jordana Lopes,,,270,0,0,2026-03-31 20:03:37,2026-04-14 06:59:21,,,0,0,Demanda,
357,PADRONIZAR ETIQUETA E NUMERO DE SERIE,Aberta,SAP,Backlog,Não atribuído,SAP,278,Ailton Silva,,,270,0,0,2026-03-31 20:03:38,2026-04-14 06:59:22,,,0,0,Demanda,
358,Acesso ao módulo QM,Aberta,SAP,Pendente Aprovação,Não atribuído,SAP,272,Jordana Lopes,,,270,0,0,2026-03-31 20:03:39,2026-04-14 06:59:24,,,0,0,Demanda,
359,Monitor customizado de devoluções via SAP,Aberta,SAP,Backlog,Não atribuído,SAP,278,Maykon Goncalves,,,270,0,0,2026-03-31 20:03:40,2026-04-14 06:59:26,,,0,0,Demanda,
360,LIBERAR MAIS DIGITUS NO CAMPO DE ENDEREÇAMENTO SAP AMBIENTE 400,Aberta,SAP,Backlog,Não atribuído,SAP,278,Cristóvão Bento,,,270,0,0,2026-03-31 20:03:41,2026-04-14 06:59:28,,,0,0,Demanda,
361,Inclusão de cálculo automático de Multa e Juros na transação ZFI129,Aberta,SAP,Pendente Aprovação,Não atribuído,SAP,271,Luana Batista Leal,,,270,0,0,2026-03-31 20:03:42,2026-04-14 06:59:29,,,0,0,Demanda,
362,Portal de boletos CONFLUO_ELGIN,Aberta,SAP,Concluído,Não atribuído,SAP,272,Viviane Carlotti Topan,,,270,1,0,2026-03-31 20:03:43,2026-04-14 06:59:31,2026-03-17 20:03:43,,0,0,Demanda,
363,CBENEF SP - MM,Aberta,SAP,Em Desenvolvimento,Não atribuído,SAP,271,Amanda dos Santos Hirota,,,270,2,0,2026-03-31 20:03:44,2026-04-14 06:59:32,2026-04-07 20:03:44,,0,0,Demanda,
364,Alterar fluxo do processo,Aberta,SAP,Pendente Aprovação,Não atribuído,SAP,280,Priscila Oliveira,,,270,0,0,2026-03-31 20:03:45,2026-04-14 06:59:34,,,0,0,Demanda,
365,Cenário Regime Especial AM de Logística Reversa,Aberta,SAP,Concluído,Não atribuído,SAP,271,Rita Gomes,,,270,0,0,2026-03-31 20:03:47,2026-04-14 06:59:36,,,0,0,Demanda,
366,REGIME ESPECIAL LOGÍSTICA REVERSA: ELGIN S/A,Aberta,SAP,Em Desenvolvimento,Não atribuído,SAP,271,Amanda dos Santos Hirota,,,270,0,0,2026-03-31 20:03:48,2026-04-14 06:59:43,,,0,0,Demanda,
367,AUTO ENTER E AUTO FOCUS - PROCESSOS,Aberta,SAP,Backlog,Não atribuído,SAP,272,Luan Carlos Vercosa Rios,,,270,0,0,2026-03-31 20:03:50,2026-04-14 06:59:44,,,0,0,Demanda,
368,"Bloqueio de transferência,",Aberta,SAP,Backlog,Não atribuído,SAP,272,Gabriel Silva,,,270,0,0,2026-03-31 20:03:52,2026-04-14 06:59:46,,,0,0,Demanda,
369,Serviços TEF pré pago recorrente cartão/boleto Pagseguro e PIX BB via TEFHUB,Aberta,SAP,Pendente Aprovação,Não atribuído,SAP,272,Fernandes Lima,,,270,1,0,2026-03-31 20:03:54,2026-04-14 06:59:48,,,0,0,Demanda,
370,API de integração de titulos DEPS x SAP,Aberta,SAP,Planejamento,Não atribuído,SAP,272,Henry Souza,,,270,2,0,2026-03-31 20:03:55,2026-04-14 06:59:50,,,0,0,Demanda,
371,APLICAR SAP NOTE - REFORMA TRIBUTÁRIA,Aberta,SAP,Backlog,Não atribuído,SAP,271,Amanda dos Santos Hirota,,,270,0,0,2026-03-31 20:03:57,2026-04-14 06:59:51,,,0,0,Demanda,
372,Restrição ZPP013 por centro,Aberta,SAP,Pendente Aprovação,Não atribuído,SAP,272,Maria de Lourdes,,,270,0,0,2026-03-31 20:03:58,2026-04-14 06:59:52,,,0,0,Demanda,
373,Erro no relatório ZWM031,Aberta,SAP,Pendente Aprovação,Não atribuído,SAP,272,Marjorie de Andrade Silva,,,270,0,0,2026-03-31 20:03:59,2026-04-14 06:59:54,,,0,0,Demanda,
374,LOGÍSTICA REVERSA: ELGIN INDUSTRIAL x ELGIN S/A,Aberta,SAP,Testes / Homologação,Não atribuído,SAP,271,Amanda dos Santos Hirota,,,270,2,0,2026-03-31 20:04:01,2026-04-14 06:59:56,,,0,0,Demanda,
375,Criar amarração entre conta e centro de custo mkt,Aberta,SAP,Planejamento,Não atribuído,SAP,280,Angélica Aline Bevilacqua Garcia Pinto,,,270,1,0,2026-03-31 20:04:02,2026-04-14 06:59:58,,,0,0,Demanda,
376,Taxa Cambio PTAX impostos Serviço Internacional,Aberta,SAP,Concluído,Não atribuído,SAP,271,Rita de Cassia Pereira Gomes,,,270,2,0,2026-03-31 20:04:03,2026-04-14 07:00:00,2026-03-03 20:04:03,,0,0,Demanda,
377,Melhoria MB52 - incluir segmento,Aberta,SAP,Backlog,Não atribuído,SAP,272,Cassiane Lima,,,270,2,0,2026-03-31 20:04:04,2026-04-14 07:00:01,,,0,0,Demanda,
378,Transação para abertura de ordem automática em massa,Aberta,SAP,Em Desenvolvimento,Não atribuído,SAP,272,Willian Rodrigues Sousa,,,270,0,0,2026-03-31 20:04:05,2026-04-14 07:00:02,,,0,0,Demanda,
379,Pedidos Leroy- Deposito DERV,Aberta,SAP,Backlog,Não atribuído,SAP,278,Thiago Coutinho,,,270,0,0,2026-03-31 20:04:06,2026-04-14 07:00:04,,,0,0,Demanda,
380,Erro na visualização do pedido,Aberta,SAP,Análise TI,Não atribuído,SAP,272,Diana Cassola,,,270,0,0,2026-03-31 20:04:07,2026-04-14 07:00:05,,,0,0,Demanda,
381,AJUSTE SINIEF 49/2025,Aberta,SAP,Pendente Aprovação,Não atribuído,SAP,271,Amanda dos Santos Hirota,,,270,0,0,2026-03-31 20:04:08,2026-04-14 07:00:07,,,0,0,Demanda,
382,MRP,Aberta,SAP,Análise TI,Não atribuído,SAP,294,Rodolfo Santos,,,270,0,0,2026-03-31 20:04:09,2026-04-14 07:00:09,,,0,0,Demanda,
383,apontamento de sucata via sistema SAP,Aberta,SAP,Backlog,Não atribuído,Geral,,,,,,0,0,2026-03-31 20:04:10,2026-03-31 20:04:10,,,0,0,Demanda,
384,Kanban Online,Aberta,SAP,Análise TI,Não atribuído,SAP,272,Alexandre Santos,,,270,0,0,2026-03-31 20:04:11,2026-04-14 07:00:11,,,0,0,Demanda,
385,ERRO limitação de texto,Aberta,SAP,Pendente Aprovação,Não atribuído,SAP,272,Bruno Oliveira dos Santos,,,270,0,0,2026-03-31 20:04:12,2026-04-14 07:00:12,,,0,0,Demanda,
386,LANÇAMENTOS OCORRENDO NA EMPRESA EH04 - TELA DE LIBERAÇÃO VFX3,Aberta,SAP,Backlog,Não atribuído,SAP,278,Gustavo Correa dos Santos,,,270,0,0,2026-03-31 20:04:13,2026-04-14 07:00:14,,,0,0,Demanda,
387,* Acerto Lucros Perdas *,Aberta,SAP,Backlog,Não atribuído,SAP,278,Roberta Pereira de Lima,,,270,0,0,2026-03-31 20:04:14,2026-04-14 07:00:16,,,0,0,Demanda,
162,Pentest (www.tefelgin.com.br),Aberta,Segurança da Informação,Planejamento,Não atribuído,Segurança da Informação,201,Ivo Cavalcante,,,200,2,0,2026-03-31 20:00:07,2026-04-14 06:53:19,2025-11-21 20:00:07,,0,0,Demanda,
163,Identity Governance Administration (IGA),Aberta,Segurança da Informação,Pendente Aprovação,Não atribuído,Segurança da Informação,201,Ivo Cavalcante,,,200,1,0,2026-03-31 20:00:08,2026-04-14 06:53:20,,,0,0,Demanda,
164,Implantação do SOC e gestão de vulnerabilidade,Aberta,Segurança da Informação,Pendente Aprovação,Não atribuído,Segurança da Informação,201,Ivo Cavalcante,,,200,2,0,2026-03-31 20:00:09,2026-04-14 06:53:20,,,0,0,Demanda,
165,Assessment IPs de saída das unidades Elgin,Aberta,Segurança da Informação,Análise TI,Não atribuído,Segurança da Informação,201,Ivo Cavalcante,,,200,1,0,2026-03-31 20:00:10,2026-04-14 06:53:22,2025-12-27 20:00:10,,0,0,Demanda,
166,Intune,Aberta,Segurança da Informação,Pendente Aprovação,Não atribuído,Segurança da Informação,201,Ivo Cavalcante,,,200,1,0,2026-03-31 20:00:11,2026-04-14 06:53:23,,,0,0,Demanda,
167,PAM cofre de senha  (Servidores),Aberta,Segurança da Informação,Pendente Aprovação,Não atribuído,Segurança da Informação,201,Ivo Cavalcante,,,200,2,0,2026-03-31 20:00:12,2026-04-14 06:53:23,,,0,0,Demanda,
168,Aquisição de 201 licenças Netskope (SWG),Aberta,Segurança da Informação,Pendente Aprovação,Não atribuído,Segurança da Informação,201,Ivo Cavalcante,,,200,1,0,2026-03-31 20:00:13,2026-04-14 06:53:24,,,0,0,Demanda,
